id,name,slug,description,short_description,characteristics,address,area,city,image_url,google_maps_url,instagram_url,price_range,price_min,price_max,opening_hours,is_featured,is_verified,is_published,category_id,created_at,updated_at
21b53861-bf8b-4b42-be1e-55f3e21ec781,Kopi Kita (Fabriek),kopkit-fabriek-bloc,,,[],"Jl. Parupuk Tabing, Parupuk Tabing, Kec. Koto Tangah, Kota Padang, Sumatera Barat 25586",Koto Tangah,Padang,https://drive.google.com/file/d/1Ccoc_ocpNJPHQRNa5db1LOCKqgovlVgB/view?usp=drive_link,https://maps.app.goo.gl/YbkbFRPTikiaBRQj9,https://www.instagram.com/kopkit.idn/,Rp20k - Rp47k,20000,47000,Buka 24 Jam,FALSE,FALSE,TRUE,3fff9d59-eb4d-4d58-a3fd-0b94ee412ee5,2026-05-17 15:46:31.870543+00,2026-05-18 13:03:50.652246+00
269b05ee-c785-4613-8493-ddc0c48aeb6d,Maison Merjer,maison-merjer,"Maison Merjer hadir dengan tidak hanya sekadar kedai kopi, melainkan destinasi kuliner lengkap yang mengedepankan kualitas bahan premium dan teknik pembuatan yang otentik. Dengan suasana yang lebih hangat dan berkelas, Maison Merjer menjadi pilihan utama bagi mereka yang mencari pengalaman bersantap yang lebih personal dan berkualitas di Padang.
",,"[{""title"":""Atmosfer yang Hangat & Homey"",""description"":""Berbeda dengan konsep industrial saudaranya, Maison Merjer menawarkan desain interior yang lebih lembut dan nyaman. Suasananya sangat cocok untuk sarapan santai, makan siang bisnis, hingga momen hangat bersama keluarga.""},{""title"":""Menu Kitchen yang Terkurasi"",""description"":""Menawarkan pilihan makanan berat (main course) yang dirancang dengan perhatian mendalam pada detail rasa dan presentasi, memberikan pengalaman dining yang lebih serius dibandingkan konsep coffeeshop standar.""},{""title"":""Standar Kualitas Tinggi"",""description"":""Konsistensi yang menjadi ciri khas grup Merjer tetap terjaga di sini, mulai dari pemilihan biji kopi hingga bahan baku dapur, memastikan setiap kunjungan memberikan kepuasan yang setara.""},{""title"":""Integrasi Gaya Hidup"",""description"":""Lokasi ini sering kali menjadi destinasi pilihan bagi mereka yang mengapresiasi seni kuliner dan estetika ruang yang tenang, menjadikannya pelarian sempurna dari kebisingan kota.""}]","Jl. Batang Naras No.2b, Alai Parak Kopi",Padang Utara,Padang,https://drive.google.com/file/d/1uwn1lJ2CZ8FHtV4KLRXeiSum6u0fb8PT/view?usp=drive_link,"https://www.google.com/maps?q=Maison+Merjer,+Jl.+Batang+Naras+No.2b,+Alai+Parak+Kopi,+Padang+Utara,+Padang+City,+West+Sumatra+25173&ftid=0x2fd4b969310f308d:0x9afcc7aa0e76889b&hl=en-ID&gl=id&entry=gps&lucs=s2se&shorturl=1",https://www.instagram.com/maisonmerjer/,Rp25k - Rp66k,25000,66000,08.00 - 22.00,FALSE,FALSE,TRUE,3fff9d59-eb4d-4d58-a3fd-0b94ee412ee5,2026-05-12 15:24:04.439988+00,2026-05-15 09:10:43.861155+00
2d170836-d186-465d-bd07-1b4de6ec618f,Kopi Kita (Sutomo),kopkit-sutomo,,,[],"Jl. Dr. Sutomo No.103, Kubu Marapalam, Kec. Padang Tim., Kota Padang, Sumatera Barat 25143",Padang Timur,Padang,https://drive.google.com/file/d/1US0aiK52mdz1RieMP9ysYd60iIhHQAtP/view?usp=drive_link,https://maps.app.goo.gl/2Xrz4CWqSeLkbF5c8,https://www.instagram.com/kopkit.idn/,Rp20k - Rp47k,20000,47000,Buka 24 Jam,FALSE,FALSE,TRUE,3fff9d59-eb4d-4d58-a3fd-0b94ee412ee5,2026-05-17 15:52:12.876906+00,2026-05-18 13:20:42.850604+00
3c98e2e1-c4e1-439d-a64a-6832ff002110,Menza Coffee & Barber (Sutomo),menza-coffee-barber,"Menza Barber & Coffee tampil mencolok di kawasan Padang dengan estetika bangunan yang bersih dan modern. Menggabungkan layanan grooming premium dan kedai kopi, tempat ini menawarkan pengalaman yang sangat teratur dalam balutan arsitektur yang minimalis. Sangat cocok bagi mereka yang mencari efisiensi penampilan sekaligus ruang fungsional untuk kebutuhan profesional.",,"[{""title"":""Desain Eksterior & Interior All-White"",""description"":""Bangunan Menza didominasi oleh warna putih bersih yang memberikan kesan luas, modern, dan sangat rapi. Estetika minimalis ini tidak hanya membuatnya terlihat menonjol secara visual di pinggir jalan, tetapi juga menciptakan atmosfer yang tenang dan steril bagi pengunjung.""},{""title"":""Fasilitas Meeting Room yang Privat"",""description"":""Berbeda dengan konsep barber-coffee biasa, Menza menyediakan fasilitas meeting room yang representatif. Ruangan ini menjadi solusi ideal bagi profesional yang membutuhkan ruang privat untuk diskusi bisnis atau rapat kecil di tengah suasana kafe yang nyaman.""},{""title"":""Integrasi Layanan Efisien"",""description"":""Memungkinkan pelanggan untuk melakukan transisi mulus dari sesi grooming profesional ke agenda kerja atau pertemuan formal tanpa harus meninggalkan gedung, menghemat waktu bagi mereka yang memiliki jadwal padat.""},{""title"":""Kualitas Kopi yang Terjaga"",""description"":""Menyajikan berbagai pilihan minuman berbasis espreso dengan kualitas yang terjaga, menjadikannya teman yang pas baik saat menunggu antrean cukur maupun saat sedang rapat.""}]","Jl. Dr. Sutomo No.76 Kel, Kubu Marapalam",Padang Timur,Padang,https://drive.google.com/file/d/1tbC5WlozRTK80bfFiL_pJkqgnVCJ9uhP/view?usp=drive_link,"google.com/maps/place/MENZA+BARBER+%26+COFFEE,+Jl.+Dr.+Sutomo+No.76+Kel,+Kubu+Marapalam,+Kec.+Padang+Tim.,+Kota+Padang,+Sumatera+Barat+25145/data=!4m2!3m1!1s0x2fd4b9148afaa001:0x7b690c60913d96ff?utm_source=mstt_1&entry=gps&g_ep=CAESCTExLjcwLjMwNBgAIIgnKgBCAklE",https://www.instagram.com/menzabarbercoffee/,Rp23k - Rp38k,23000,38000,09.00 - 23.00,FALSE,FALSE,TRUE,3fff9d59-eb4d-4d58-a3fd-0b94ee412ee5,2026-05-12 15:31:18.358244+00,2026-05-15 08:54:50.551157+00
49fe4adb-7afb-4df9-8bd1-8a11a17b753c,Kopi Kita (Gunung Pangilun),kopkit-gunung-pangilun,,,[],"Jalan Gajah Mada No.10 Kampung Lapai Baru, Kampung Olo, Nanggalo, Padang City, West Sumatra 25173",Nanggalo,Padang,https://drive.google.com/file/d/1zew9EfN77iLZiw6_S62YvVutglc5iLKC/view?usp=drive_link,https://maps.app.goo.gl/9ad4ut9ZNf9jdBDx8,https://www.instagram.com/kopkit.idn/,Rp20k - Rp47k,20000,47000,Buka 24 Jam,FALSE,FALSE,TRUE,3fff9d59-eb4d-4d58-a3fd-0b94ee412ee5,2026-05-17 15:48:29.675674+00,2026-05-18 13:13:18.395948+00
51f421d5-c195-4bbd-a2ca-bd856fe67f1a,Praya Brew,praya-brew,"Hadir dengan nama yang menyiratkan keistimewaan, Praya Brew menawarkan lebih dari sekadar pemenuhan dosis kafein harian. Tempat ini adalah sebuah ruang dedikasi bagi para penikmat kopi yang mengapresiasi proses, rasa, dan suasana. Dengan pendekatan desain yang modern dan berkarakter, Praya Brew meracik harmoni sempurna antara kualitas seduhan yang presisi dan tempat persinggahan yang menenangkan di tengah ritme kota Padang.",,"[{""title"":""Fokus pada Kualitas Seduhan (Premium Brew)"",""description"":""Sesuai dengan namanya, kekuatan utama tempat ini ada pada bar kopinya. Praya Brew mengkurasi biji kopi dengan serius dan mengeksekusinya menjadi deretan menu—mulai dari espresso based hingga manual brew—yang memiliki profil rasa seimbang, menjadikannya destinasi wajib bagi lidah-lidah yang mencari kualitas.""},{""title"":""Estetika Ruang yang Calming"",""description"":""Desain interiornya dirancang untuk tidak berlebihan, mengedepankan estetika minimalis dengan sentuhan warna yang memanjakan mata. Hasilnya adalah visual ruang yang clean, rapi, dan sangat fotogenik tanpa harus kehilangan kesan hangatnya.""},{""title"":""Atmosfer Multifungsi (Produktivitas & Relaksasi)"",""description"":""Tata letak di Praya Brew sangat memahami kebutuhan pelanggannya. Terdapat zonasi yang nyaman bagi mereka yang datang dengan laptop untuk Work From Cafe (WFC), sekaligus area yang lebih rileks untuk sesi mengobrol panjang bersama sirkel pertemanan.""},{""title"":""Hospitality yang Hangat"",""description"":""Barista dan staf di Praya Brew menyajikan pelayanan yang informatif dan ramah, siap merekomendasikan racikan terbaik sesuai dengan preferensi selera lidah Anda pada hari itu.""}]","Jl. Silungkang No.5, Jati Baru, Kec. Padang Tim., Kota Padang, Sumatera Barat 25129",Padang Timur,Padang,https://drive.google.com/file/d/1VILaqdnhGx8jWQ-gFU5DynlPQomh3aB6/view?usp=drive_link,https://maps.app.goo.gl/cLewyo8uSmYau9H98,https://www.instagram.com/praya.brew/,Rp25k - Rp40k,25000,40000,08.00 - 23.30,FALSE,FALSE,TRUE,3fff9d59-eb4d-4d58-a3fd-0b94ee412ee5,2026-05-23 15:48:02.468503+00,2026-05-23 16:08:22.199219+00
53bf5a5e-ae75-4bd4-b89a-586854806dec,Musi Coffee Eatery & Expression Space,musi-coffee-eatery-expression-space,"Hadir dengan konsep yang menjanjikan kenyamanan, House of Musi mengubah nuansa sebuah hunian menjadi destinasi kuliner dan ruang bersantai yang menawan. Tempat ini menawarkan sensasi ""pulang ke rumah"" melalui atmosfernya yang hangat, tenang, dan jauh dari kesan kaku komersial. Memadukan estetika klasik sebuah rumah dengan elemen kafe modern, House of Musi menjadi oase bagi mereka yang mencari ketenangan dan keakraban di tengah dinamika kota.",,"[{""title"":""Atmosfer Homey yang Autentik"",""description"":""Daya tarik utama House of Musi adalah suasananya yang sangat membumi. Tata ruangnya dirancang sedemikian rupa agar pengunjung merasa sedang bertamu ke rumah kerabat yang stylish, memberikan rasa nyaman yang membuat siapa saja betah duduk berlama-lama.""},{""title"":""Ruang Zonasi yang Cerdas"",""description"":""Layaknya sebuah rumah, tempat ini memiliki area yang terbagi secara natural—mulai dari ruang komunal indoor yang sejuk untuk berbincang santai atau bekerja, hingga area pekarangan/teras (outdoor) yang asri untuk menikmati udara segar di sore hari.""},{""title"":""Menu Comfort Food & Sajian Kopi"",""description"":""Pendekatan homey ini juga diterjemahkan ke dalam kurasi menunya. Selain menyajikan deretan kopi berkualitas untuk menemani waktu santai, pilihan makanannya berfokus pada comfort food yang menggugah selera dan terasa akrab di lidah.""}]","Jl. Musi No.35, Rimbo Kaluang",Padang Barat,Padang,https://drive.google.com/file/d/1_KUlEfab92CzDU45wy_ZFT-jHwMOUAcx/view?usp=drive_link,"https://www.google.com/maps/place/House+Of+Musi/@-0.9290435,100.3514031,1127m/data=!3m2!1e3!4b1!4m6!3m5!1s0x2fd4b93eb345b0e5:0xa10e382d6a3500cd!8m2!3d-0.9290489!4d100.353978!16s%2Fg%2F11k4x6drtl?entry=ttu&g_ep=EgoyMDI2MDUxMi4wIKXMDSoASAFQAw%3D%3D",https://www.instagram.com/houseof.musi/,Rp22k - Rp42k,22000,42000,09.00 - 00.00,TRUE,FALSE,TRUE,3fff9d59-eb4d-4d58-a3fd-0b94ee412ee5,2026-05-15 13:06:43.303726+00,2026-05-20 08:06:08.294274+00
59a30ac9-8436-42a3-baf4-dd10899068c3,Toko Kopi Rasa (Sutomo),toko-kopi-rasa-sutomo,"Toko Kopi Rasa Cabang Sutomo hadir sejak Januari 2021 di kawasan yang sangat strategis, menjadi oase bagi para komuter dan warga yang melintasi jalur sibuk Dr. Sutomo. Cabang ini dirancang untuk memenuhi kebutuhan gaya hidup urban yang cepat namun tetap mengapresiasi kualitas rasa. Dengan desain yang fungsional dan modern, tempat ini menjadi pilihan utama bagi mereka yang menginginkan pengalaman minum kopi yang konsisten di tengah mobilitas yang tinggi.",,"[{""title"":""Aksesibilitas Tinggi"",""description"":""Terletak di jalan utama yang menghubungkan berbagai area penting di Padang, menjadikannya lokasi quick stop yang sempurna untuk takeaway sebelum memulai aktivitas.""},{""title"":""Inovasi Menu"",""description"":""Menyajikan seluruh rangkaian menu favorit #TemanRasa, mulai dari Butterscotch Latte hingga varian kopi kaleng \""Segarasa\"" yang siap menemani perjalanan pelanggan.""},{""title"":""Tempat Kolaborasi"",""description"":""Meskipun berada di area yang sibuk, cabang ini tetap menyediakan ruang yang nyaman bagi mahasiswa atau pekerja lepas yang ingin berganti suasana kerja (remote working).""},{""title"":""Dedikasi Barista"",""description"":""Menampilkan budaya pelayanan yang energik dan informatif, di mana barista tidak hanya menyajikan minuman, tetapi juga memastikan setiap pelanggan mendapatkan pengalaman rasa yang optimal.""}]","Jl. Dr. Sutomo No.16, Lubuk Begalung Nan XX",Lubuk Begalung,Padang,https://drive.google.com/file/d/1R99JoZPga3B4UE8WQm0BXxA-ZHRN3wD5/view?usp=drive_link,"https://www.google.com/maps/place/Toko+Kopi+Rasa+Cabang+Sutomo/@-0.9546676,100.3907373,17z/data=!3m1!4b1!4m5!3m4!1s0x2fd4b961996e3a75:0x531c251e56139b49!8m2!3d-0.9546618!4d100.3929291?coh=164777&entry=tt&shorturl=1",https://www.instagram.com/tokokopirasa,Rp16k - Rp35k,16000,35000,10.00 - 23.00,FALSE,FALSE,TRUE,3fff9d59-eb4d-4d58-a3fd-0b94ee412ee5,2026-05-12 14:52:00.315536+00,2026-05-17 16:57:31.967625+00
627bd686-aa2e-4a9c-b63f-aa186252a3c6,Canteen,canteen-up,"Canteen menghadirkan pengalaman kopi yang transparan, tempat ini adalah kedai kopi di Kota Padang yang mengusung konsep Open Bar. Terletak strategis di tengah kota, ia menawarkan pelarian yang tenang dari kebisingan urban, di mana setiap cangkir kopi disajikan dengan narasi dan interaksi yang hangat.",,"[{""title"":""Konsep Open Bar"",""description"":""Tata letak bar yang terbuka memungkinkan koneksi langsung antara barista dan konsumen. Pengunjung dapat melihat proses penyeduhan dari jarak dekat, menciptakan atmosfer yang inklusif dan edukatif bagi siapa saja yang ingin mengenal kopi lebih dalam.""},{""title"":""Fasilitas Kerja yang Matang"",""description"":""Dirancang untuk durasi kunjungan yang lama. Meja-meja yang luas bukan sekadar pemanis, melainkan benar-benar disiapkan untuk menampung laptop dan dokumen kerja, lengkap dengan akses stopkontak yang mudah dijangkau di hampir setiap sudut.""},{""title"":""Area Duduk yang Variatif"",""description"":""Memiliki pilihan area yang cukup luas, memungkinkan pelanggan untuk memilih suasana yang diinginkan—baik itu meja formal untuk bekerja maupun area yang lebih santai untuk bercengkerama bersama teman.""}]","Zizi Mart, Jl. Veteran No.23B 2nd Floor, Purus",Padang Barat,Padang,https://drive.google.com/file/d/1O4-1lZCITplSRGkE31moxWBCgp9S59eD/view?usp=drive_link,"https://www.google.com/maps/place/Canteen+-+Coffee,+Cuisine,+and+Chocolatier/@-0.9405864,100.3544847,1127m/data=!3m1!1e3!4m6!3m5!1s0x2fd4b9001c207199:0x6520754fd32b4276!8m2!3d-0.9405838!4d100.3544293!16s%2Fg%2F11vqm_br9s?entry=ttu&g_ep=EgoyMDI2MDUxMi4wIKXMDSoASAFQAw%3D%3D",https://www.instagram.com/canteen.up/,Rp15k - Rp25k,15000,25000,08.00 - 03.00,FALSE,FALSE,TRUE,3fff9d59-eb4d-4d58-a3fd-0b94ee412ee5,2026-05-15 11:17:08.329839+00,2026-05-15 11:17:07.865+00
6aac3ba8-7423-44b6-8842-2a56e5f39044,Kopi Titik,kopi-titik,"Hadir dengan konsep yang sangat unik dan berani beda di tengah riuhnya skena kafe Padang, Kopi Titik adalah pelarian sempurna bagi jiwa-jiwa yang mencari ketenangan absolut. Menyadari bahwa tidak semua orang datang ke kedai kopi untuk bersosialisasi atau berada di tengah keramaian, tempat ini menyediakan fasilitas ikonis berupa ""Ruang Introvert""—sebuah suaka privat yang didedikasikan penuh untuk me-time, fokus mendalam, atau sekadar menyepi dari bisingnya dunia luar tanpa merasa canggung.",,"[{""title"":""Fasilitas Eksklusif \""Ruang Introvert\"""",""description"":""Ini adalah Unique Selling Proposition (USP) paling kuat dari Kopi Titik. Area ini didesain khusus dengan batasan privasi yang jelas, meminimalkan distraksi visual maupun suara. Pengunjung bisa duduk sendiri dengan tenang, menikmati kesendirian yang dihormati sepenuhnya oleh lingkungan sekitar.""},{""title"":""Desain Ruang yang Menenangkan"",""description"":""Penataan interior dan pencahayaannya dibuat sangat subtle, hangat, dan tidak berlebihan (overstimulating). Nuansa ruangannya dirancang untuk menurunkan tempo dan merelaksasi pikiran pengunjung sejak langkah pertama masuk.""},{""title"":""Surga untuk Deep Work & Produktivitas"",""description"":""Atmosfernya yang hening menjadikan Kopi Titik salah satu destinasi WFC (Work From Cafe) paling ideal di kota ini. Sangat cocok bagi pekerja lepas, mahasiswa yang sedang menyusun tugas akhir, atau siapa pun yang membutuhkan konsentrasi tingkat tinggi.""},{""title"":""Sajian \""Teman Menyendiri\"" yang Pas"",""description"":""Menawarkan deretan menu minuman dan camilan yang dikurasi khusus untuk menemani waktu diam yang panjang. Racikan kopinya konsisten dan disajikan untuk melengkapi ketenangan momen personal Anda.""}]","Jl. Bougenville Jl. Flamboyan No.17, Flamboyan Baru, Kec. Padang Bar., Kota Padang, Sumatera Barat",Padang Barat,Padang,https://drive.google.com/file/d/1EBjqePzs-abq574F7dwwwff15TbR8EXe/view?usp=drive_link,https://maps.app.goo.gl/DkV6qhZRqXVT6Pgx6,https://www.instagram.com/kopititikk/,Rp13k - Rp25k,13000,25000,10.00 - 23.59,FALSE,FALSE,TRUE,3fff9d59-eb4d-4d58-a3fd-0b94ee412ee5,2026-05-17 16:26:13.690397+00,2026-05-18 16:15:01.860884+00
6caddf39-7721-409e-98b0-b7ec37873874,Folks Coffe Club,folks-coffe-club,"Membawa semangat kebersamaan ke level yang lebih tinggi, Folk's Coffee Club mendefinisikan ulang makna ruang kumpul menjadi sebuah lifestyle compound yang sangat dinamis. Lebih dari sekadar kedai kopi, Folk's menjadi jangkar utama dalam sebuah area kolektif yang mewadahi beragam kebutuhan gaya hidup anak muda Padang. Dengan konsep komunal tanpa sekat, tempat ini menawarkan pengalaman bersosialisasi yang autentik, cair, dan multifungsi dalam satu kawasan estetis.",,"[{""title"":""Konsep One-Stop Lifestyle Compound"",""description"":""Ini adalah daya tarik absolut dari Folk's. Berada di dalam satu kawasan yang sama, pengunjung disuguhkan berbagai fasilitas gaya hidup terintegrasi. Anda bisa bersantai menikmati kopi sembari merawat sepatu di fasilitas shoes care, memangkas rambut di barbershop, membeli buah di durian shop, hingga mengeksplorasi hobi kuliner melalui fasilitas cooking class yang tersedia.""},{""title"":""Desain Ruang yang Hangat & Membumi"",""description"":""Mengusung estetika visual yang memanjakan mata dan menenangkan. Pemilihan material, palet warna, dan tata letak area komunalnya dikonsep agar pengunjung langsung merasakan nuansa welcoming dan tidak kaku sejak pertama kali melangkah masuk.""},{""title"":""Kualitas Sajian Kopi \""Ala Klub\"""",""description"":""Layaknya sebuah klub kopi sejati, deretan menu di Folk's dikurasi dengan serius. Mulai dari opsi manual brew untuk para purist hingga racikan es kopi susu signature, semuanya siap menemani padatnya aktivitas Anda di kawasan ini.""},{""title"":""Semangat Komunal yang Kuat"",""description"":""Berkat kehadiran ragam tenant tersebut, Folk's memiliki magnet alami yang menarik berbagai sirkel pertemanan dan komunitas untuk membaur. Area ini menjadi titik temu (melting pot) organik di mana skena kreatif, penikmat kopi, hingga keluarga bisa duduk santai di satu ruang yang sama.""}]","Jl. Rasuna Said No.79, Ujung Gurun, Kec. Padang Bar., Kota Padang, Sumatera Barat 26000",Padang Barat,Padang,,https://maps.app.goo.gl/hbiwktGJeQK1j2bH8,https://www.instagram.com/folkscoffeeclub.pdg/,Rp20k - Rp35k,20000,35000,09.00 - 01.00,FALSE,FALSE,FALSE,3fff9d59-eb4d-4d58-a3fd-0b94ee412ee5,2026-05-21 08:11:32.364956+00,2026-05-21 08:11:32.031+00
727e11c8-5235-41ea-8f08-fde7576d51e4,Show Koffie,show-koffie,"Sesuai dengan namanya, Show Koffie adalah destinasi di mana kopi dan hiburan bertemu dalam satu panggung yang megah. Menjadi salah satu coffeeshop dengan arsitektur paling ikonik di Padang, tempat ini tidak hanya menjual rasa, tetapi juga menawarkan pengalaman audio-visual yang lengkap. Dengan konsep yang dinamis, Show Koffie menjadi pilihan utama bagi mereka yang mencari suasana nongkrong yang hidup dan penuh energi di tengah kota.",,"[{""title"":""Pusat Live Music & Hiburan"",""description"":""Berbeda dengan kafe pada umumnya, hiburan musik di sini menjadi nyawa utama. Show Koffie secara rutin menghadirkan penampilan musik langsung (live music) yang dikonsep secara profesional, menjadikannya tempat favorit untuk menikmati malam sambil bernyanyi bersama.""},{""title"":""Area Duduk yang Luas & Teratur"",""description"":""Layout ruangan dirancang agar pengunjung tetap nyaman menikmati sajian sambil menyaksikan penampilan di area panggung. Kapasitasnya yang besar membuatnya sangat ideal untuk kumpul komunitas atau acara bersama teman-teman dalam jumlah banyak.""},{""title"":""Suasana Malam yang Hidup"",""description"":""Transisi dari sore ke malam di Show Koffie memberikan vibes urban yang sangat kental. Pencahayaan yang ditata apik berpadu dengan alunan musik menciptakan atmosfer yang seru untuk melepas penat setelah seharian beraktivitas.""}]","Jl. Veteran, Padang Pasir",Padang Barat,Padang,https://drive.google.com/file/d/1WqmXjzwJ5qrPSxNe5zowEr-0y_YN6L-v/view?usp=drive_link,"https://www.google.com/maps/place/Show+Koffie,+Jl.+Veteran,+Padang+Pasir,+Kec.+Padang+Bar.,+Kota+Padang,+Sumatera+Barat+25115/@-0.9368433,100.3555197,16z/data=!4m6!3m5!1s0x2fd4b9db893ea515:0x8eae14f8350f8292!8m2!3d-0.9368433!4d100.3555197!16s%2Fg%2F11s1t6v8gl?hl=id-ID&gl=id&g_ep=Eg1tbF8yMDI1MTAwOF8wIOC7DCoASAJQAg%3D%3D",https://www.instagram.com/showkoffie/,Rp16k - Rp36k,16000,36000,16.00 - 23.00,FALSE,FALSE,TRUE,3fff9d59-eb4d-4d58-a3fd-0b94ee412ee5,2026-05-15 10:52:32.64995+00,2026-05-15 10:53:54.133642+00
73c5af33-3001-4699-9876-d8774fca40e0,Rimbun Coffee,rimbun-coffee,"Berdiri sebagai salah satu pionir dalam ekosistem kopi modern di Kota Padang, Rimbun Coffee telah mengukuhkan posisinya sebagai ""sang legenda"". Tempat ini bukan sekadar kedai kopi, melainkan titik awal berkembangnya budaya apresiasi biji kopi lokal dan specialty coffee bagi masyarakat Padang. Dengan identitas yang kuat dan dedikasi pada kualitas, Rimbun tetap menjadi destinasi wajib bagi siapa pun yang ingin merasakan esensi asli dari budaya kopi di Sumatera Barat.",,"[{""title"":""Pionir Specialty Coffee:"",""description"":""Rimbun dikenal sebagai tempat yang memperkenalkan standar tinggi dalam penyeduhan kopi di Padang. Fokus mereka pada pemilihan biji kopi berkualitas dan teknik roasting yang tepat menjadikan setiap cangkirnya memiliki cerita dan karakter rasa yang mendalam.""},{""title"":""Atmosfer Hangat & Nostalgis:"",""description"":""Meskipun banyak kafe baru bermunculan, Rimbun tetap mempertahankan suasana yang hangat dan akrab. Interiornya memberikan rasa nyaman yang konsisten, menjadikannya tempat \""pulang\"" bagi para penikmat kopi setia dari berbagai generasi.""},{""title"":""Edukasi & Eksplorasi Rasa:"",""description"":""Melalui baris-baris menunya, Rimbun selalu mengedukasi pelanggan mengenai asal-usul kopi (origin) dan profil rasa. Tempat ini adalah lokasi terbaik untuk mengeksplorasi kopi lokal dengan bimbingan barista yang berpengalaman dan informatif.""},{""title"":""Dedikasi pada Konsistensi:"",""description"":""Sebagai sebuah legenda, kekuatan utama Rimbun adalah konsistensi rasa. Pelanggan lama maupun baru akan menemukan kualitas yang sama dari tahun ke tahun, baik itu pada menu manual brew maupun racikan kopi susunya yang khas.""},{""title"":""Simbol Kedekatan"",""description"":""Rimbun berhasil membangun hubungan emosional yang kuat dengan komunitasnya, menjadikannya lebih dari sekadar bisnis, melainkan bagian dari sejarah gaya hidup urban di Padang.""}]","Jl. KIS. Mangunsarkoro, Jati Baru",Padang Timur,Padang,https://drive.google.com/file/d/1RE-eoQiLkdPfP1ixRx_UDMXTlEUzPYMj/view?usp=drive_link,"https://www.google.com/maps/place/Rimbun+Espresso+%26+Brew+Bar+Padang/@-0.933954,100.3605331,17z/data=!3m1!4b1!4m6!3m5!1s0x2fd4b9243856c20d:0x162aef01d15575aa!8m2!3d-0.9339594!4d100.363108!16s%2Fg%2F11cnb95m42?entry=ttu&g_ep=EgoyMDI2MDUxMC4wIKXMDSoASAFQAw%3D%3D",https://www.instagram.com/rimbuncoffee/,Rp22k - Rp72k,22000,72000,08.00 - 22.00,FALSE,FALSE,TRUE,3fff9d59-eb4d-4d58-a3fd-0b94ee412ee5,2026-05-12 15:37:33.205982+00,2026-05-20 08:07:17.805325+00
74f12484-da7a-4a1d-a8dd-895f9ff6d85d,Kopi Kita (Ulak Karang),kopkit-ulak-karang,,,[],"Jl. Jhoni Anwar No.9, Ulak Karang Utara, Kec. Padang Utara, Kota Padang, Sumatera Barat 25133",Padang Utara,Padang,https://drive.google.com/file/d/1n-Mx1q2YmfiUCReNPGE248sOHtXgddXb/view?usp=drive_link,https://maps.app.goo.gl/taaXD9j16wnAMrQt6,https://www.instagram.com/kopkit.idn/,Rp20k - Rp47k,20000,47000,Buka 24 Jam,FALSE,FALSE,TRUE,3fff9d59-eb4d-4d58-a3fd-0b94ee412ee5,2026-05-17 15:50:07.27021+00,2026-05-18 12:42:01.46804+00
8610ee37-a285-46f1-afea-6820a9c1e42f,Menyala Coffee,menyala-coffee,"Sesuai dengan namanya yang membawa kesan berani dan penuh energi, Menyala Coffee hadir sebagai salah satu destinasi hangout yang paling dinamis di Padang. Tempat ini memadukan semangat urban yang modern dengan kualitas sajian yang serius. Menjadi ruang di mana obrolan kasual dan ide-ide kreatif melebur, Menyala Coffee menawarkan atmosfer yang ""hidup"" bagi mereka yang mencari asupan semangat di tengah hari atau tempat bersantai yang seru hingga malam hari.",,"[{""title"":""Vibe Urban yang Energik"",""description"":""Menyala Coffee dikenal dengan suasananya yang interaktif. Desain dan tata ruangannya dirancang untuk mendorong percakapan, menjadikannya titik kumpul yang sangat ideal bagi pertemanan dan komunitas di Kota Padang.""},{""title"":""Estetika Visual yang Bold"",""description"":""Memiliki identitas visual yang tegas dan mencolok. Penataan interiornya memberikan spot-spot yang tidak hanya nyaman untuk duduk berlama-lama, tetapi juga sangat estetik dengan karakter yang kuat.""},{""title"":""Kualitas Sajian yang \""Menyala\"""",""description"":""Tidak hanya menjual suasana, tempat ini mempertahankan standar yang tinggi untuk lini minumannya. Racikan kopi dan menu signature-nya dikurasi secara khusus untuk memberikan cita rasa yang menonjol dan konsisten.""}]","Jl. Bandar Purus, Padang Pasir",Padang Barat,Padang,https://drive.google.com/file/d/1KwrwQOgggQZZPrXOdqz93Dvqb2hisymY/view?usp=drive_link,"https://www.google.com/maps/place/Menyala+Coffee+%26+Roastery/@-0.9413142,100.3541098,1127m/data=!3m2!1e3!4b1!4m6!3m5!1s0x2fd4b959e6b9e28d:0xcafb6f80bb33db2!8m2!3d-0.9413196!4d100.3566847!16s%2Fg%2F11n26hw3h0?entry=ttu&g_ep=EgoyMDI2MDUxMi4wIKXMDSoASAFQAw%3D%3D",https://www.instagram.com/menyala.coffee/,Rp18k - Rp145k,18000,145000,09.00 - 23.00,FALSE,FALSE,TRUE,3fff9d59-eb4d-4d58-a3fd-0b94ee412ee5,2026-05-15 11:29:05.749397+00,2026-05-15 11:29:04.553+00
86d9b0e6-be3c-4071-8d95-6f405a644b0e,HOM.id Coffee and Pastry,hom-id,"HOM sukses menerjemahkan konsep ""pulang ke rumah"" ke dalam sebuah destinasi lifestyle yang menawan. Dengan cerdas mengadaptasi pendekatan estetika Modern Heritage, tempat ini meleburkan nilai-nilai hangat dari sebuah bangunan hunian dengan elemen F&B kontemporer masa kini. HOM bukan sekadar kedai kopi, melainkan ruang komunal di mana kenyamanan klasik dan dinamika gaya hidup urban berpadu dalam satu harmoni visual dan rasa yang apik.",,"[{""title"":""Atmosfer Homey yang Kuat"",""description"":""Sesuai dengan namanya, vibe yang ditawarkan sangat membumi. Tata letak furnitur dan zonasi ruangannya dirancang layaknya ruang tamu dan pekarangan rumah yang stylish, menciptakan rasa nyaman yang membuat pengunjung betah menghabiskan waktu berjam-jam.""},{""title"":""Identitas Visual & Branding yang Matang"",""description"":""Detail desain interior hingga materi komunikasinya menunjukkan sebuah konsep brand yang dipikirkan dengan sangat matang. Setiap sudut di HOM dirancang agar selaras dan estetik, menjadikannya kanvas yang sempurna bagi para pencinta konten visual.""},{""title"":""Ruang Fleksibel untuk Segala Momen"",""description"":""Memiliki pembagian ruang yang sangat adaptif. Area indoor-nya tenang dan nyaman untuk produktivitas atau Work From Cafe (WFC), sementara area semi-outdoor dan pekarangannya sangat ideal untuk hangout santai bersama teman-teman di sore menuju malam hari.""},{""title"":""Sajian Comfort Food & Kopi Terkurasi"",""description"":""Melengkapi suasananya yang akrab, menu di HOM difokuskan pada sajian-sajian yang familiar namun dieksekusi dengan standar rasa yang tinggi, memberikan pengalaman kuliner yang comforting dan memuaskan.""}]","Jl. Jambi Asratek No.2, Ulak Karang Sel., Kec. Padang Utara, Kota Padang, Sumatera Barat 25134",Padang Utara,Padang,https://drive.google.com/file/d/1GgcOYLES5K0cwsIClgGXDQencwzambYK/view?usp=drive_link,https://maps.app.goo.gl/YCQ3t4DVjTE4LRqR6,https://www.instagram.com/hom.padang/,Rp23k - Rp35k,23000,35000,08.00 - 22.00,FALSE,FALSE,TRUE,3fff9d59-eb4d-4d58-a3fd-0b94ee412ee5,2026-05-17 16:18:05.841788+00,2026-05-18 15:42:51.61224+00
8aff8237-06e9-4a51-bbd7-514b92a9ed91,Jiwani Coffee,jiwani-coffee,"Jiwani Coffee hadir dengan konsep yang lebih dari sekadar kedai kopi; ia adalah ruang untuk ""menepi"" di tengah kesibukan kota. Mengusung identitas yang tenang, minimalis, dan sangat estetis, Jiwani menjadi destinasi favorit bagi mereka yang mengutamakan suasana damai dan visual ruang yang tertata rapi. Tempat ini sangat cocok bagi para pencari inspirasi, pecinta desain, atau siapa saja yang ingin menikmati kopi dengan lebih personal.",,"[{""title"":""Fasilitas Ibadah & Sanitasi Terbaik"",""description"":""Salah satu nilai tambah utama yang membedakan Jiwani dari banyak coffeeshop lain di Padang adalah kualitas Mushalla dan Toiletnya. Dirancang dengan standar kebersihan dan estetika yang sangat tinggi, fasilitas ini memberikan kenyamanan maksimal bagi pelanggan yang ingin berlama-lama tanpa rasa khawatir.""},{""title"":""Estetika Minimalis & Modern"",""description"":""Desain interior dan arsitekturnya yang bersih serta penggunaan elemen natural memberikan kesan yang sangat Instagrammable namun tetap nyaman dan tidak berlebihan.""},{""title"":""Pengalaman Minum Kopi yang Mindful"",""description"":""Fokus pada kualitas rasa dan penyajian yang detail, mengajak pelanggan untuk benar-benar menikmati setiap sesapan kopi dalam suasana yang santai.""},{""title"":""Ruang Produktif yang Tenang"",""description"":""Suasananya yang cenderung lebih tenang menjadikannya lokasi ideal untuk membaca buku, bekerja secara mendalam (deep work), atau berbincang santai secara privat.""}]","Jl. Belakang Olo 1 No.20, Kp. Jao",Padang Barat,Padang,https://drive.google.com/file/d/1vycubrx6llmLXNVRfcFiIrD0kAoWsunm/view?usp=drive_link,"https://www.google.com/maps/place/Jiwani+Coffee/@-0.944032,100.3568738,17z/data=!3m1!4b1!4m6!3m5!1s0x2fd4b96aa6faf1e5:0x4081d2114fff14be!8m2!3d-0.944032!4d100.3568738!16s%2Fg%2F11n85gl8dy?hl=en&entry=ttu&g_ep=EgoyMDI2MDUxMC4wIKXMDSoASAFQAw%3D%3D",https://www.instagram.com/jiwanicoffee/,Rp20k - Rp66k,20000,66000,09.00 - 23.00,TRUE,FALSE,TRUE,3fff9d59-eb4d-4d58-a3fd-0b94ee412ee5,2026-05-12 15:05:43.367721+00,2026-05-20 08:06:33.716795+00
91e55f96-b1db-4c90-a4bc-66bead463d68,Coffeenary (Mangunsarkoro),coffenary-mangunsarkoro,"Coffenary cabang Mangunsarkoro hadir sebagai destinasi lifestyle dan coffeeshop premium yang membawa standar baru dalam menikmati waktu luang di Padang. Menempati lokasi strategis di pusat kota, tempat ini menawarkan perpaduan sempurna antara arsitektur modern yang memanjakan mata dan sajian berkualitas tinggi. Coffenary bukan sekadar tempat ngopi, melainkan ruang representatif bagi mereka yang mengapresiasi estetika, kenyamanan ekstra, dan gaya hidup urban yang berkelas.",,"[{""title"":""Estetika Modern & Elegan"",""description"":""Daya tarik visual adalah salah satu kekuatan utama Coffenary. Desain interiornya dirancang sangat apik, bersih, dan estetik dengan pencahayaan yang hangat, membuat setiap sudutnya sangat Instagrammable dan memanjakan mata.""},{""title"":""Kapasitas Ruang yang Luas & Premium"",""description"":""Menawarkan area duduk yang sangat lega dengan furnitur yang sangat nyaman. Pembagian zonanya membuat tempat ini ideal untuk berbagai kebutuhan, mulai dari casual meeting, WFC (Work From Cafe) dengan gaya, hingga kumpul santai bersama keluarga atau teman.""},{""title"":""Lokasi Strategis & Fasilitas Lengkap"",""description"":""Berada di Jalan Mangunsarkoro membuatnya sangat mudah dijangkau. Ditambah dengan fasilitas pendukung seperti area parkir yang memadai dan toilet yang bersih, menambah nilai plus kenyamanan pengunjung.""}]","Mangunsarkoro, Jati Baru",Padang Timur,Padang,https://drive.google.com/file/d/1GyKA5XuhkNypcQrV-I1ee9BgFtlbLp4h/view?usp=drive_link,"https://www.google.com/maps/place/Coffeenary+Kis+Mangunsarkoro/@-0.9342833,100.3595643,1127m/data=!3m2!1e3!4b1!4m6!3m5!1s0x2fd4b90001ebb40b:0xaeb4a8cff662bac3!8m2!3d-0.9342887!4d100.3644352!16s%2Fg%2F11wx0p7hjv?entry=ttu&g_ep=EgoyMDI2MDUxMi4wIKXMDSoASAFQAw%3D%3D",https://www.instagram.com/coffeenary_/,Rp20k - Rp35k,20000,35000,07.00 - 23.00,FALSE,FALSE,TRUE,3fff9d59-eb4d-4d58-a3fd-0b94ee412ee5,2026-05-15 12:44:26.274188+00,2026-05-17 16:52:56.501552+00
921e77b9-b6b8-4232-85b1-0936ec4ddde1,Ortie Coffee,ortie-coffee,"Ortie Coffee hadir sebagai penyegar di tengah deretan kedai kopi Padang dengan menawarkan perpaduan estetika visual yang menawan dan kenyamanan ruang yang maksimal. Tempat ini dirancang layaknya sebuah tempat persembunyian yang manis, di mana setiap sudutnya memancarkan kesan chic, bersih, dan hangat. Ortie bukan sekadar tempat singgah untuk menikmati kafein, melainkan destinasi relaksasi visual yang memanjakan pelanggannya sejak langkah pertama melewati pintu masuknya.",,"[{""title"":""Estetika Ruang yang Memikat"",""description"":""Daya tarik utama Ortie Coffee terletak pada desain interiornya yang memadukan konsep modern dengan sentuhan detail yang manis dan clean. Pemilihan warna dan dekorasinya sangat memanjakan mata, menjadikan hampir setiap sudutnya sempurna untuk diabadikan (highly Instagrammable).""},{""title"":""Kenyamanan Maksimal (WFC & Santai)"",""description"":""Pemilihan tempat duduk dan tata letak meja dikonsep agar pengunjung merasa betah berlama-lama. Fasilitasnya sangat menunjang, baik bagi mereka yang datang untuk Work From Cafe (WFC) maupun sekadar bersantai di akhir pekan.""},{""title"":""Atmosfer Hangat & Menenangkan"",""description"":""Berbeda dengan kafe yang riuh, Ortie menawarkan vibe yang lebih rileks dan damai. Pencahayaan alami yang masuk berpadu dengan tata lampu yang lembut menciptakan suasana cozy, sangat cocok untuk me-time, membaca buku, atau obrolan intim bersama sahabat.""}]","Jl. Ujung Gurun No.19, Ujung Gurun",Padang Barat,Padang,https://drive.google.com/file/d/1HmTvqD8YrHbTu-l_tpRKSyNGE46sY-8N/view?usp=drive_link,"https://www.google.com/maps/place/Ortie+Coffee/@-0.9336807,100.356917,1127m/data=!3m2!1e3!4b1!4m6!3m5!1s0x2fd4b93c0b3fd329:0x9840c222ba395465!8m2!3d-0.9336861!4d100.3594919!16s%2Fg%2F11wnfghr_l?entry=ttu&g_ep=EgoyMDI2MDUxMi4wIKXMDSoASAFQAw%3D%3D",https://www.instagram.com/ortie_coffee/,Rp25k - Rp50k,25000,50000,09.00 - 01.00,FALSE,FALSE,TRUE,3fff9d59-eb4d-4d58-a3fd-0b94ee412ee5,2026-05-15 12:54:17.459017+00,2026-05-15 12:55:29.598936+00
93f31a33-3199-496c-8368-82e85cdb555a,Toko Kopi Rasa (Damar),toko-kopi-rasa-damar,"Toko Kopi Rasa Cabang Damar hadir sejak Februari 2023, sebagai salah satu titik temu favorit di pusat kota Padang yang memadukan kenyamanan modern dengan kualitas kopi yang serius. Dikenal karena pendekatannya yang personal kepada pelanggan (disebut sebagai #TemanRasa), cabang ini menawarkan atmosfer yang hangat, cocok untuk bekerja (productive session) maupun bersantai di tengah hiruk-pikuk kota.",,"[{""title"":""Kualitas Kopi Terjaga"",""description"":""Memiliki standar penyajian yang tinggi melalui proses cupping yang rutin untuk memastikan setiap cangkir kopi memiliki rasa yang konsisten.""},{""title"":""Menu Signature"",""description"":""Sangat direkomendasikan bagi pecinta kopi susu yang creamy namun tetap berkarakter, dengan menu andalan seperti Butterscotch Latte dan Kopi Susu Cream.""},{""title"":""Suasana & Fasilitas"",""description"":""Area duduk terbuka yang nyaman dan lokasi yang strategis di kawasan Damar menjadikannya pilihan utama bagi komunitas kreatif, mahasiswa, hingga profesional di Padang.""},{""title"":""Pelayanan Ramah"",""description"":""Dikenal dengan budaya pelayanan barista yang komunikatif, memberikan pengalaman minum kopi yang lebih akrab dan inklusif.""}]","Jalan Damar 1, No. 3",Padang Barat,Padang,https://drive.google.com/file/d/19LPFax7_Cs_7MdqrTymGPP6hV5y6KfSf/view?usp=drive_link,"https://www.google.com/maps/place/Toko+Kopi+Rasa+Cabang+Damar/@-0.9449819,100.3538644,17z/data=!3m1!4b1!4m6!3m5!1s0x2fd4b95400879799:0xb419e0e961987a15!8m2!3d-0.9449819!4d100.3538644!16s%2Fg%2F11trk9tmy2?entry=ttu&g_ep=EgoyMDI2MDUxMC4wIKXMDSoASAFQAw%3D%3D",https://www.instagram.com/tokokopirasa/,Rp16k - Rp35k,16000,35000,10.00 - 23.00,FALSE,FALSE,TRUE,3fff9d59-eb4d-4d58-a3fd-0b94ee412ee5,2026-05-12 14:42:02.414343+00,2026-05-17 16:57:13.281182+00
97c8f3b3-d0e2-426d-84f6-b3ea4011aee8,HQ Coffee & Eatery,hq-coffee-eatery,"HQ Coffee & Eatery Cabang Rohana Kudus merupakan destinasi one-stop chilling yang menggabungkan konsep kedai kopi modern dengan pilihan kuliner yang beragam. Terletak di kawasan strategis, tempat ini menawarkan area yang luas dan nyaman, menjadikannya pilihan utama untuk berbagai aktivitas—mulai dari berkumpul bersama komunitas, makan malam keluarga, hingga sesi kerja produktif.",,"[{""title"":""Konsep Coffee & Eatery"",""description"":""Berbeda dengan kedai kopi biasa, HQ menawarkan menu makanan yang lengkap, mulai dari camilan ringan hingga hidangan utama (heavy meals) yang cocok untuk menemani waktu santai atau makan besar.""},{""title"":""Area Luas & Nyaman"",""description"":""Memiliki kapasitas ruang yang cukup besar dengan pilihan area indoor yang tenang dan area outdoor yang asyik, sangat ideal untuk acara kumpul-kumpul atau pertemuan santai.""},{""title"":""Suasana Urban yang Hidup"",""description"":""Menawarkan atmosfer yang dinamis terutama di sore dan malam hari, sering kali menjadi pusat interaksi bagi anak muda dan komunitas kreatif di Kota Padang.""},{""title"":""Fasilitas Pendukung"",""description"":""Dilengkapi dengan fasilitas yang memadai seperti koneksi internet dan area parkir, mendukung kenyamanan bagi pelanggan yang ingin berlama-lama.""}]","Jl. Rohana Kudus No.71, Kp. Jao",Padang Barat,Padang,https://drive.google.com/file/d/1RBq49cA4b_U36vU_sWbzpR-qHk1u7GFa/view?usp=drive_link,"https://www.google.com/maps/place/HQ+Coffee+%26+Eatery/@-0.9448868,100.3561402,17z/data=!3m1!4b1!4m6!3m5!1s0x2fd4b96ad496761b:0xeabd135285fd6b9f!8m2!3d-0.9448922!4d100.3587151!16s%2Fg%2F11fshd5bkq?entry=tts&g_ep=EgoyMDI1MTAyOS4yIPu8ASoASAFQAw%3D%3D&skid=0b8db2f3-3d82-40b6-be91-377818df3be4",https://www.instagram.com/hq_coffeeandeatery/,Rp21k - Rp56k,21000,56000,09.00 - 01.00,TRUE,FALSE,TRUE,3fff9d59-eb4d-4d58-a3fd-0b94ee412ee5,2026-05-12 14:59:04.601192+00,2026-05-21 07:54:07.281626+00
9af14aca-df46-4904-84e7-ee3996b51603,Parewa Coffee (Bandar Purus),parewa-coffee-bandar-purus,"Parewa Coffee cabang Bandar Purus telah mengukuhkan dirinya sebagai salah satu landmark esensial dalam kultur kopi di Padang. Mengusung nama yang memiliki kedekatan kultural yang kuat, tempat ini memancarkan karakter yang membumi, merangkul, dan otentik. Cabang Bandar Purus tidak sekadar menawarkan kafein, melainkan berfungsi sebagai ruang lebur komunal di mana mahasiswa, pekerja kreatif, dan berbagai komunitas kota duduk bersama, berbagi meja, dan bertukar gagasan.",,"[{""title"":""Ruang Komunal & Diskusi"",""description"":""Daya tarik utama Parewa terletak pada kemampuannya menciptakan ruang yang merangsang interaksi. Tata letak dan suasananya sangat mendukung untuk obrolan panjang, diskusi kelompok, atau sekadar pertemuan kasual yang hangat.""},{""title"":""Karakter Ruang yang Membumi"",""description"":""Memiliki desain yang tidak berlebihan namun sarat makna. Penggunaan elemen-elemen yang simpel dan fungsional menciptakan atmosfer yang tidak mengintimidasi, membuat siapa saja merasa disambut sejak langkah pertama.""},{""title"":""Lokasi Strategis yang Hidup"",""description"":""Berada di kawasan Bandar Purus yang dekat dengan pusat aktivitas kota maupun area pesisir, menjadikannya titik singgah yang sangat mudah diakses kapan saja, baik untuk memulai hari atau menutup malam.""},{""title"":""Sentuhan Budaya Pop Lokal"",""description"":""Parewa sering kali menjadi medium bagi anak muda Padang untuk mengekspresikan tren dan gaya hidup saat ini, menjadikannya kanvas hidup bagi pergerakan kreatif lokal.""}]","Jl. Bandar Purus No.17, Padang Pasir",Padang Barat,Padang,https://drive.google.com/file/d/1PUl68ut61RcoPsvVMu11rH8-vAbCAm73/view?usp=drive_link,"https://www.google.com/maps/place/Parewa+Coffee+Bandar+Purus/@-0.9412813,99.746529,144285m/data=!3m1!1e3!4m10!1m2!2m1!1sparewa!3m6!1s0x2fd4b9ccfc667847:0xe9ae60f31fcaf923!8m2!3d-0.9412813!4d100.3562702!15sCgZwYXJld2FaCCIGcGFyZXdhkgELY29mZmVlX3Nob3DgAQA!16s%2Fg%2F11q7f4ffd1?entry=ttu&g_ep=EgoyMDI2MDUxMi4wIKXMDSoASAFQAw%3D%3D",https://www.instagram.com/parewacoffee/,Rp16k - Rp40k,16000,40000,08.00 - 03.00,FALSE,FALSE,TRUE,3fff9d59-eb4d-4d58-a3fd-0b94ee412ee5,2026-05-15 12:20:46.481256+00,2026-05-15 12:20:45.184+00
a8a44ba1-38e3-4890-b3c0-35cb263eb82e,Fore (Pattimura),fore-pattimura,"Membawa angin segar dari kultur kopi urban ibu kota, Fore Coffee hadir di Jalan Pattimura sebagai representasi kedai kopi masa kini yang cepat, modern, dan sadar lingkungan. Sebagai salah satu pemain utama retail kopi nasional, Fore menawarkan pengalaman ngopi yang sangat terstandarisasi, memadukan kenyamanan ruang berdesain futuristik dengan efisiensi teknologi. Tempat ini menjadi pilihan paling reliable bagi warga Padang yang mencari kualitas rasa yang konsisten, baik untuk meeting singkat, Work From Cafe (WFC), maupun sekadar grab-and-go.",,"[{""title"":""Desain Futuristik & Clean"",""description"":""Fore memiliki identitas visual yang sangat kuat. Didominasi oleh warna putih bersih, sentuhan material kayu, dan aksen hijau, interiornya memberikan kesan ruang yang sangat terang, higienis, dan modern. Sangat estetis dengan cara yang minimalis.""},{""title"":""Standar Kualitas Nasional"",""description"":""Salah satu daya tarik utamanya adalah konsistensi rasa. Deretan menu andalan seperti Aren Latte, Pandan Latte, hingga pilihan non-kopinya memiliki profil rasa yang persis sama dengan cabang-cabang Fore di seluruh Indonesia, menjamin kepuasan pelanggan setiap saat.""},{""title"":""Pengalaman Konsumen yang Seamless"",""description"":""Fore sangat mengedepankan kemudahan pemesanan melalui aplikasi pintar mereka. Pengunjung dapat memesan kopi terlebih dahulu di perjalanan dan langsung mengambilnya saat tiba, sangat menghemat waktu bagi mereka yang bermobilitas tinggi.""},{""title"":""Lokasi Strategis di Pusat Komersial"",""description"":""Berada di Jalan Pattimura yang merupakan salah satu urat nadi aktivitas bisnis dan komersial di Padang, membuatnya sangat mudah diakses. Cocok untuk titik temu profesional atau pelarian sejenak di jam istirahat kantor.""}]","Jl. Patimura No.9, Kp. Jao, Kec. Padang Barat, Kota Padang, Sumatera Barat 25117",Padang Barat,Padang,https://drive.google.com/file/d/1SACLzlsoOqwLl1TMquK4ZtWm3NAWLCTC/view?usp=drive_link,https://maps.app.goo.gl/eJ9i5vqo5apCH2Js9,https://www.instagram.com/fore.coffee/?hl=en,Rp21k - Rp46k,21000,46000,07.00 - 22.00,FALSE,FALSE,TRUE,3fff9d59-eb4d-4d58-a3fd-0b94ee412ee5,2026-05-17 16:45:20.746591+00,2026-05-18 15:58:49.072246+00
ae3d1da7-f3c4-4938-987e-9abed0d36b04,Toko Kopi Rasa (Raden Saleh),toko-kopi-rasa-raden-saleh,"Berlokasi sejak Agustus 2020 di salah satu urat nadi utama Kota Padang, Toko Kopi Rasa Cabang Raden Saleh menjadi destinasi favorit bagi para profesional dan masyarakat umum yang mencari kopi berkualitas di tengah padatnya aktivitas. Cabang ini menawarkan keseimbangan antara kecepatan layanan dan kenyamanan tempat, menjadikannya titik singgah ideal untuk meeting singkat, istirahat siang, maupun sekadar menikmati sore di area yang ikonik.",,"[{""title"":""Titik Temu Strategis"",""description"":""Terletak di kawasan Raden Saleh yang dekat dengan area perkantoran, menjadikannya pilihan praktis bagi mereka yang membutuhkan asupan kafein di sela jam kerja.""},{""title"":""Standar Rasa yang Konsisten"",""description"":""Seperti cabang lainnya, fokus utama di sini adalah kualitas melalui riset menu yang mendalam, memastikan varian seperti Butterscotch Latte tetap menjadi primadona.""},{""title"":""Pilihan Segar & Praktis"",""description"":""Menyediakan lini produk \""Es Kopi Segarasa\"" dalam kemasan kaleng dan \""Matcha Rasa\"" botol yang mudah dipesan untuk kebutuhan konsumsi rapat atau stok di kantor.""},{""title"":""Atmosfer Inklusif:"",""description"":""Dengan sapaan khas kepada #TemanRasa, cabang ini menciptakan lingkungan yang ramah bagi siapa saja, baik penikmat kopi serius maupun pelanggan kasual.""}]","Jl. Jaksa Agung R.Soeprapto No.17b, Rimbo Kaluang",Padang Barat,Padang,https://drive.google.com/file/d/1ruWZTxAOERDouBH7EDwH17QGmXi-JFlo/view?usp=drive_link,"https://www.google.com/maps/place/Toko+Kopi+Rasa/@-0.9269197,100.3537468,17z/data=!3m1!4b1!4m5!3m4!1s0x2fd4b9879cfedb65:0xe770450dde67c0b8!8m2!3d-0.926939!4d100.3559071?coh=164777&entry=tt&shorturl=1",https://www.instagram.com/tokokopirasa,Rp16k - Rp35k,16000,35000,08.00 - 23.00,FALSE,FALSE,TRUE,3fff9d59-eb4d-4d58-a3fd-0b94ee412ee5,2026-05-12 14:47:37.625842+00,2026-05-15 10:29:58.579863+00
b173fefa-d489-4a9f-83f3-a91444ccbc28,Dupin (Flamboyan),dupin-flamboyan,"Sebagai salah satu nama yang telah menemani perjalanan kultur kopi di Padang, Dupin Coffee (yang dulu lebih akrab disapa Dua Pintu) membuktikan eksistensinya yang tak lekang oleh waktu. Lewat renovasi besar di cabang Flamboyan yang rampung beberapa bulan lalu, Dupin kini menyapa pelanggannya dengan wajah yang jauh lebih segar dan kontemporer. Tempat ini adalah wujud sempurna dari sebuah evolusi: memadukan rekam jejak rasa yang telah teruji oleh waktu dengan estetika ruang kekinian yang memanjakan mata.",,"[{""title"":""Evolusi Ruang (Wajah Baru)"",""description"":""Renovasi terbaru memberikan transformasi visual yang signifikan. Dupin kini tampil dengan desain interior yang lebih modern, clean, dan sangat rapi. Penataan ruangnya memberikan upgrade kenyamanan yang maksimal, menjadikannya kembali relevan di tengah gempuran kafe-kafe baru yang estetik.""},{""title"":""Kualitas Rasa yang Teruji Waktu"",""description"":""Bertahan lama di industri kopi yang kompetitif adalah bukti nyata konsistensi. Racikan kopi dan menu pendamping di Dupin memiliki kematangan rasa yang bisa diandalkan, menawarkan standar yang tak pernah mengecewakan dari dulu hingga sekarang.""},{""title"":""Atmosfer Terbuka & Welcoming"",""description"":""Sejalan dengan filosofi akar namanya, tempat ini selalu memberikan kesan yang terbuka dan menyambut siapa saja. Suasananya sangat pas untuk berbagai momen—mulai dari reuni teman lama, diskusi santai, hingga sekadar duduk menikmati kopi sendirian.""},{""title"":""Fasilitas & Kenyamanan Ekstra"",""description"":""Pasca-renovasi, pencahayaan, sirkulasi udara, dan tata letak area duduk (baik indoor maupun area terbukanya) dirancang lebih optimal. Sangat mendukung bagi mereka yang ingin Work From Cafe (WFC) atau duduk berlama-lama hingga malam hari.""}]","Jl. Aster No.7, Flamboyan Baru, Kec. Padang Bar., Kota Padang, Sumatera Barat",Padang Barat,Padang,https://drive.google.com/file/d/1dIWJKKQnPY88bdyS0dbYc16ZCn9qNwwM/view?usp=drive_link,https://maps.app.goo.gl/cMWWGkHLQPiFJ88c9,https://www.instagram.com/dupin.coffee/,Rp22k - Rp35k,22000,35000,08.00 - 23.59,FALSE,FALSE,TRUE,3fff9d59-eb4d-4d58-a3fd-0b94ee412ee5,2026-05-17 16:31:14.236304+00,2026-05-18 16:06:10.450849+00
b5961b7b-4711-4969-948d-b65049532df4,Geo'S Coffee and Eatery,geos-coffee-eatery,"Menambah deretan destinasi ruang seduh berkualitas di Padang, Geos Coffee hadir dengan identitas visual dan atmosfer yang berkarakter kuat. Mengambil inspirasi dari elemen yang solid dan membumi, tempat ini menawarkan perpaduan tata ruang yang modern dengan sentuhan estetika yang membuat pengunjung merasa terhubung dan nyaman. Geos Coffee bukan sekadar tempat singgah, melainkan ruang interaksi dinamis yang cocok untuk memantik produktivitas maupun merayakan waktu luang bersama teman.",,"[{""title"":""Estetika Ruang Berkarakter"",""description"":""Desain interior Geos Coffee menyajikan visual yang memanjakan mata, memadukan elemen-elemen modern dengan palet warna yang membumi (earthy tones) atau aksen industrial yang rapi. Setiap sudutnya dirancang proporsional, menciptakan latar yang sangat estetik untuk diabadikan di media sosial.""},{""title"":""Fasilitas Pendukung Produktivitas"",""description"":""Tidak hanya ideal untuk nongkrong santai, tata letak meja dan kursinya juga sangat mempertimbangkan kenyamanan ergonomis bagi mereka yang ingin Work From Cafe (WFC), lengkap dengan akses stopkontak yang memadai.""},{""title"":""Atmosfer Nyaman & Mengundang"",""description"":""Suasana yang dibangun di dalam ruangan terasa hangat dan welcoming. Tata cahaya yang pas dan sirkulasi udara yang baik membuat pengunjung betah menghabiskan waktu berjam-jam, baik di area indoor yang tenang maupun area outdoor/semi-outdoor yang lebih kasual.""}]","Jl. KH. Ahmad Dahlan No.21, Alai Parak Kopi",Padang Utara,Padang,https://drive.google.com/file/d/1RT51EUmGI05pHrwjlzGKtXBfCibegCbT/view?usp=drive_link,"https://www.google.com/maps/place/Geo'S+Coffee+and+Eatery/@-0.9258545,100.3608186,1127m/data=!3m2!1e3!4b1!4m6!3m5!1s0x2fd4b90008a19b6f:0xa049640944f784b8!8m2!3d-0.9258599!4d100.3633935!16s%2Fg%2F11x_m8lf33?entry=ttu&g_ep=EgoyMDI2MDUxMi4wIKXMDSoASAFQAw%3D%3D",https://www.instagram.com/geoscoffee.pdg/,Rp25k - Rp50k,25000,50000,08.00 - 00.00,FALSE,FALSE,TRUE,3fff9d59-eb4d-4d58-a3fd-0b94ee412ee5,2026-05-15 13:22:56.089011+00,2026-05-15 13:22:54.859+00
bc0010ab-ab45-47d0-b981-55985dc17e69,Menes Coffee & Eatery,menes-coffee-eatery,"Jika mencari episentrum skena pergaulan anak muda di Padang, Menes Coffee adalah jawabannya. Ini bukan sekadar kedai kopi untuk duduk diam, melainkan ""tempat gaul"" paling dinamis tempat berbagai sirkel dan trendsetter kota ini berkumpul. Dengan energi yang selalu hidup dan riuh setiap harinya, Menes Coffee menjadi destinasi wajib bagi mereka yang ingin melihat dan dilihat (see and be seen), menjadikannya detak jantung gaya hidup kasual anak muda Padang.",,"[{""title"":""Episentrum Skena Gaul Kota"",""description"":""Dikenal luas sebagai go-to spot paling populer untuk nongkrong. Menes adalah tempat di mana kerumunan anak muda yang stylish dan up-to-date menghabiskan waktu mereka.""},{""title"":""Energi Sosial yang Hidup"",""description"":""Atmosfernya sangat dinamis, crowded, dan seru, terutama saat sore menuju malam. Suara riuh obrolan antar meja seakan menjadi backsound alami yang menjadi daya tarik utama tempat ini.""},{""title"":""Titik Temu Super Kasual & Cair"",""description"":""Desain ruang dan tata letak tempat duduknya dirancang sedemikian rupa agar pengunjung bisa berinteraksi dengan bebas. Tidak ada batasan kaku, membuat suasana berkumpul menjadi sangat lepas.""},{""title"":""Menu Crowd-Pleaser"",""description"":""Menyajikan pilihan varian kopi susu dan minuman segar yang mudah dinikmati oleh lidah siapa saja, dirancang khusus sebagai teman ngobrol yang pas untuk durasi nongkrong yang panjang.""}]","Jl. Kartini, No. 24, Padang Pasir",Padang Barat,Padang,https://drive.google.com/file/d/1g-VKOsU1DnolXg18qh65sw-0l58fb66W/view?usp=drive_link,"https://www.google.com/maps/place/Menes+Coffee+%26+Eatery/@-0.9405578,100.3573488,1127m/data=!3m2!1e3!4b1!4m6!3m5!1s0x2fd4b9bc054f391f:0x3c7a9ef71ff0e7!8m2!3d-0.9405632!4d100.3599237!16s%2Fg%2F11lz4_znyx?entry=ttu&g_ep=EgoyMDI2MDUxMi4wIKXMDSoASAFQAw%3D%3D",https://www.instagram.com/menescoffee/,Rp25k - Rp110k,25000,110000,09.00 - 03.00,FALSE,FALSE,TRUE,3fff9d59-eb4d-4d58-a3fd-0b94ee412ee5,2026-05-15 11:47:36.814878+00,2026-05-15 11:47:35.58+00
bc68b294-8cec-4c26-b687-a164b80c5046,Kuri Slow Bar 195,kuri-slow-bar-195,"Sesuai dengan namanya, Kuri Slowbar hadir sebagai antitesis dari hiruk-pikuk kedai kopi cepat saji. Tempat ini mengedepankan konsep slow bar yang intim, di mana kopi diperlakukan sebagai sebuah karya seni yang membutuhkan waktu dan ketelitian. Berlokasi di area yang memberikan kesan privat, Kuri menjadi ruang pelarian bagi mereka yang ingin menikmati kopi dalam tempo yang lebih lambat dan bermakna.",,"[{""title"":""Pengalaman Slow Bar yang Intim:"",""description"":""Fokus utama di sini adalah interaksi dekat antara barista dan penikmat kopi. Anda bisa melihat langsung setiap detail proses penyeduhan manual (manual brew), menjadikannya tempat yang sangat personal untuk berdiskusi tentang profil rasa kopi""},{""title"":""Kurasi Biji Kopi Pilihan:"",""description"":""Kuri dikenal sangat selektif dalam menyajikan biji kopi (beans), sering kali menghadirkan pilihan seasonal dari berbagai pemanggang kopi ternama. Ini adalah surga bagi para coffee snob atau pencinta kopi hitam yang mencari keunikan rasa.""},{""title"":""Suasana Tenang & Minimalis:"",""description"":""Desain ruangannya cenderung sederhana dan tidak berisik, menciptakan suasana yang mendukung untuk kontemplasi, membaca buku, atau sekadar menikmati waktu sendiri (me-time) tanpa gangguan kebisingan kafe besar.""},{""title"":""Kualitas di Atas Kuantitas:"",""description"":""Di sini, setiap cangkir disiapkan dengan presisi tinggi. Pendekatan \""perlahan\"" ini memastikan bahwa setiap karakter rasa yang ingin ditonjolkan dari biji kopi tersebut keluar dengan maksimal.""},{""title"":""Estetika \""Hidden Gem\"":"",""description"":""Karakternya yang lebih tenang dan lokasinya yang memberikan kesan eksklusif menjadikannya salah satu permata tersembunyi di Padang bagi mereka yang lebih menghargai kualitas pengalaman dibanding keramaian.""}]","Jl. S. Parman No.195, Ulak Karang Utara",Padang Utara,Padang,https://drive.google.com/file/d/1Bs_Fga804vwGTrCZ1D1foYcQt7_iwEKH/view?usp=drive_link,https://www.google.com/maps/place/Kuri+Coffee+Slow+Bar+195/data=!4m2!3m1!1s0x0:0xcb2acf5ca40de6d6?sa=X&ved=1t:2428&ictx=111,https://www.instagram.com/kuri_slowbar195/,Rp25k - Rp50k,25000,50000,15.00 - 21.30,FALSE,FALSE,TRUE,3fff9d59-eb4d-4d58-a3fd-0b94ee412ee5,2026-05-12 15:43:13.591097+00,2026-05-20 08:05:34.230327+00
c41f457e-cc72-48a3-8f9f-2eefe78b9336,Kopi Kita (Pondok),kopkit-x-savey,,,[],"Jl. Pd. No.106, Belakang Pd, Sel, Kampung Pondok, Padang Selatan, Padang City, West Sumatra 25134",Padang Selatan,Padang,https://drive.google.com/file/d/1qlvCzubAq1f_ZvR2dgZkU6ZU0r3sSi2g/view?usp=drive_link,https://maps.app.goo.gl/VA7FiCXLQaKis7Nn9,https://www.instagram.com/kopkit.idn/,Rp20k - Rp47k,20000,47000,Buka 24 Jam,FALSE,FALSE,TRUE,3fff9d59-eb4d-4d58-a3fd-0b94ee412ee5,2026-05-17 15:54:23.124088+00,2026-05-18 11:52:43.536113+00
d86a07ab-36ec-4046-bcb1-ba9be98f1921,Cafe Merjer,cafe-merjer,"Merjer adalah coffeeshop di Padang yang dirancang dengan konsep industrial-modern yang sangat terintegrasi. Lebih dari sekadar tempat nongkrong, Merjer mengukuhkan dirinya sebagai pusat aktivitas bagi mahasiswa dan pekerja profesional. Dengan suasana yang sangat teratur dan modern, tempat ini menawarkan ekosistem lengkap untuk produktivitas sekaligus gaya hidup urban.",,"[{""title"":""Working Space yang Ikonik"",""description"":""Daya tarik utama Merjer terletak pada area kerjanya yang dirancang sangat matang. Dengan pencahayaan yang pas, tata letak meja yang ergonomis, serta ketersediaan stopkontak, tempat ini menjadi benchmarking ruang kerja publik yang ideal bagi para pekerja lepas dan mahasiswa di Padang.""},{""title"":""Self Photo Studio (Lantai 2)"",""description"":""Menambah nilai uniknya, Merjer menyediakan fasilitas self photo studio di lantai dua. Kehadiran studio ini memungkinkan pengunjung untuk mengabadikan momen secara privat dan profesional tanpa perlu keluar dari area kafe, menjadikannya destinasi yang sangat lengkap.""},{""title"":""Estetika Industrial yang Tegas"",""description"":""Mengusung desain bangunan yang menonjolkan elemen material asli, menciptakan kesan yang bersih, disiplin, dan sangat kekinian. Visualnya yang kuat memberikan atmosfer yang mendukung konsentrasi tinggi saat bekerja.""}]","Jl. Ujung Gurun No.88A, Padang Pasir",Padang Barat,Padang,https://drive.google.com/file/d/1aRdtuDowu-oqQhCfhcx3X07ZwZTrq2A8/view?usp=drive_link,"google.com/maps/place/Café+Merjer/@-0.9347677,100.3417148,15z/data=!4m7!3m6!1s0x2fd4b98d69d62d9b:0xadfd95ae069429a6!8m2!3d-0.9347677!4d100.3546828!15sCgtjYWZlIG1lcmplcloNIgtjYWZlIG1lcmplcpIBC2NvZmZlZV9zaG9w4AEA!16s%2Fg%2F11g0w0m9tp?entry=tts&g_ep=EgoyMDI0MTExMy4xIPu8ASoASAFQAw%3D%3D",https://www.instagram.com/cafemerjer/,Rp25k - Rp66k,25000,66000,08.00 - 22.00,FALSE,FALSE,TRUE,3fff9d59-eb4d-4d58-a3fd-0b94ee412ee5,2026-05-12 15:16:39.822108+00,2026-05-15 09:19:52.838291+00
db29333e-4d90-41b6-b033-27717bd10ce2,Salejourn Cafe & Space,salejourn,"Salejourn mendefinisikan ulang pengalaman nongkrong dengan menghadirkan perpaduan antara sajian rasa dan kanvas visual yang memukau. Tempat ini bukan sekadar kafe, melainkan sebuah destinasi lifestyle di mana setiap jengkal ruangnya dieksekusi dengan presisi tinggi untuk memanjakan mata. Bagi para penikmat estetika dan pemburu konten visual, Salejourn adalah tempat persinggahan sempurna yang menawarkan harmoni antara desain interior artistik dan kenyamanan yang paripurna.",,"[{""title"":""Surga Estetika di Setiap Sudut"",""description"":""Daya tarik paling absolut dari Salejourn adalah visualnya. Hampir tidak ada sudut yang terlewat dari sentuhan estetik. Penataan furnitur, dekorasi, hingga pemilihan palet warna dikurasi dengan sangat cermat, memastikan setiap area—mulai dari pintu masuk hingga area duduk terdalam—sangat Instagrammable.""},{""title"":""Variasi Menu yang Sangat Ekstensif"",""description"":""Mematahkan stereotip \""kafe estetik biasanya minim menu\"", Salejourn justru memiliki buku menu yang luar biasa lengkap. Pilihannya seolah tak ada habisnya: mulai dari deretan Espresso Based, Signature Frappe, Smoothies, hingga Mocktail segar. Untuk makanan, Anda bisa menemukan segalanya dari Burger, aneka Pizza, Pasta, Rice Bowl, Salad, hingga makanan berkuah lokal seperti Soto Betawi dan Soto Bandung. Belum lagi pilihan kudapan dan pastry-nya (seperti Croissant, Tiramisu, dan Lukumades) yang sangat berlimpah!""},{""title"":""Permainan Pencahayaan & Desain Ruang"",""description"":""Tata ruangnya memaksimalkan sirkulasi cahaya alami di siang hari sehingga memberikan kesan fresh dan bersih. Saat transisi ke malam hari, tata lampunya membangun mood yang lebih dramatis, hangat, dan sangat cozy untuk bersantai.""},{""title"":""Kenyamanan Ruang Personal"",""description"":""Meski sangat fotogenik, tata letaknya tetap memprioritaskan kenyamanan fungsional. Jarak antar meja dirancang proporsional agar pengunjung memiliki ruang privasi yang cukup untuk mengobrol santai, bekerja, atau sekadar me-time tanpa merasa berdesakan.""}]","Jl. Ujung Gurun, Ujung Gurun",Padang Barat,Padang,https://drive.google.com/file/d/1EfJTpufMHoVMZq383hOp3lt-Qmhcim8D/view?usp=drive_link,"https://www.google.com/maps/place/Salejourn+Cafe+and+Space/@-0.9342351,100.3562767,1127m/data=!3m2!1e3!4b1!4m6!3m5!1s0x2fd4b97618cdcaeb:0x249676533f8cfacc!8m2!3d-0.9342405!4d100.3588516!16s%2Fg%2F11shns9jpx?entry=ttu&g_ep=EgoyMDI2MDUxMi4wIKXMDSoASAFQAw%3D%3D",https://www.instagram.com/salejourn/,Rp20k - Rp65k,20000,65000,09.00 - 00.00,FALSE,FALSE,TRUE,3fff9d59-eb4d-4d58-a3fd-0b94ee412ee5,2026-05-15 13:35:55.737419+00,2026-05-15 13:35:54.65+00
e1ac5a01-ed37-4cc8-bba0-e887607b1e8a,Kopi Kita (Veteran),kopkit-veteran,,,[],"Sumatera, Jl. Veteran No.22b, Padang Pasir, Kec. Padang Barat, Padang Pasir, Barat, Kota Padang, Sumatera Barat 25115",Padang Barat,Padang,https://drive.google.com/file/d/1rvY2wsVkhDbhJGZKkxpb4QTLg_Xl0lik/view?usp=drive_link,https://maps.app.goo.gl/ZB72HBKC5J3RvzqP9,https://www.instagram.com/kopkit.idn/,Rp20k - Rp47k,20000,47000,Buka 24 Jam,FALSE,FALSE,TRUE,3fff9d59-eb4d-4d58-a3fd-0b94ee412ee5,2026-05-17 15:57:27.812646+00,2026-05-18 12:56:16.7506+00
fd3713cf-36bc-4dd6-903f-c95c9b1fe8ef,Hanghouse Coffee and Eatery,hanghouse-coffee-and-eatery,"Mengambil esensi dari namanya, Hanghouse hadir sebagai ""rumah singgah"" paling asyik bagi anak muda Padang untuk melepas penat. Tempat ini memadukan kenyamanan sebuah hunian dengan energi tempat nongkrong yang dinamis. Tanpa pretensi dan sangat welcoming, Hanghouse adalah destinasi ideal bagi mereka yang mencari suasana kasual, obrolan lepas, dan kehangatan berkumpul bersama sirkel terdekat tanpa batasan waktu.",,"[{""title"":""Konsep Hunian Kasual"",""description"":""Menawarkan tata ruang yang santai layaknya bersantai di teras atau halaman belakang rumah sendiri. Desain dan penataannya yang effortless justru memberikan rasa bebas dan nyaman bagi pengunjung untuk bersantai sejenak dari hiruk-pikuk rutinitas.""},{""title"":""Ruang Terbuka (Open Space) yang Lega"",""description"":""Memaksimalkan area sirkulasi udara terbuka, menjadikannya pilihan sempurna untuk menikmati semilir angin sore hingga malam hari di kota Padang tanpa merasa pengap atau terlalu bising.""},{""title"":""Sajian Crowd-Pleaser"",""description"":""Menu yang ditawarkan berfokus pada sajian yang ringan, praktis, dan disukai banyak orang. Mulai dari racikan es kopi susu andalan, minuman segar, hingga ragam camilan yang sangat pas untuk menemani durasi nongkrong yang panjang.""},{""title"":""Vibe Effortlessly Cool"",""description"":""Meskipun mengedepankan fungsionalitas dan kenyamanan, sentuhan estetika pada pencahayaan malam hari dan detail sudutnya tetap membuat tempat ini terlihat menarik secara visual untuk dibagikan ke media sosial.""}]","Jln. Hang Tuah No. 207 Belakang Tangsi. Padang barat, Padang, Indonesia 25119",Padang Barat,Padang,https://drive.google.com/file/d/1xyI8HdzsPQKibdz2spEemYTAmTbJ5uWt/view?usp=drive_link,https://maps.app.goo.gl/NtTiQkeHUoaXJy9aA,https://www.instagram.com/hanghouse.pdg/?hl=en,Rp23k - Rp45k,23000,45000,10.00 - 02.00,FALSE,FALSE,TRUE,3fff9d59-eb4d-4d58-a3fd-0b94ee412ee5,2026-05-17 17:14:33.719643+00,2026-05-20 08:05:48.251974+00
ffa19103-837b-4d46-a96a-36c90762ed2e,Kopi Kita (Jati),kopkit-jati,,,[],"Jl. Abdul Muis No.9b, Jati Baru, Kec. Padang Tim., Kota Padang, Sumatera Barat 25129",Padang Timur,Padang,https://drive.google.com/file/d/1EeMYA7t8gWAnb78LDMmJEzq6L0V7xQpj/view?usp=drive_link,https://maps.app.goo.gl/piZEcASddm8sGtSv5,https://www.instagram.com/kopkit.idn/,Rp20k - Rp47k,20000,47000,Buka 24 Jam,FALSE,FALSE,TRUE,3fff9d59-eb4d-4d58-a3fd-0b94ee412ee5,2026-05-17 15:42:56.259119+00,2026-05-18 12:50:45.482816+00