place_id,tag_id
21b53861-bf8b-4b42-be1e-55f3e21ec781,48b8f0d3-830a-4011-8f40-2bf22a1cb91b
21b53861-bf8b-4b42-be1e-55f3e21ec781,0fa44681-f5da-4dcb-9656-31b714bd20f4
21b53861-bf8b-4b42-be1e-55f3e21ec781,b0cae3e1-888b-4d2d-9197-e99ada42ff44
21b53861-bf8b-4b42-be1e-55f3e21ec781,580dfac1-efe1-4339-84af-bbc86dbc63c9
21b53861-bf8b-4b42-be1e-55f3e21ec781,1318851f-58c0-413a-bbef-c9fc99ab56b2
21b53861-bf8b-4b42-be1e-55f3e21ec781,33870e90-b97b-439a-ba92-f42a44ef695d
21b53861-bf8b-4b42-be1e-55f3e21ec781,d32ddb31-b92b-4968-8f57-94834f873f41
21b53861-bf8b-4b42-be1e-55f3e21ec781,b50b3f65-221b-4414-a95b-3f861176d5f9
21b53861-bf8b-4b42-be1e-55f3e21ec781,0ea4a96b-179f-4632-9afc-ef98cdd9cb1b
21b53861-bf8b-4b42-be1e-55f3e21ec781,5b4daff9-8fcd-4799-b23e-cf80a41f3376
21b53861-bf8b-4b42-be1e-55f3e21ec781,ed331b75-08e4-46d0-a9a1-7d583c300560
21b53861-bf8b-4b42-be1e-55f3e21ec781,2777944a-8de2-4013-8db2-06ff2366cc91
21b53861-bf8b-4b42-be1e-55f3e21ec781,6ba823b6-24f3-4385-8d59-67e019ba002b
21b53861-bf8b-4b42-be1e-55f3e21ec781,0dee3434-90df-45e7-855f-b896c866762c
21b53861-bf8b-4b42-be1e-55f3e21ec781,770dd8a2-9cc8-4fde-abdb-b4bf3307a45d
21b53861-bf8b-4b42-be1e-55f3e21ec781,4a0d8823-4185-4758-bc36-b36082e33077
21b53861-bf8b-4b42-be1e-55f3e21ec781,b92499b7-880d-4c02-8aac-a4073c213a4c
269b05ee-c785-4613-8493-ddc0c48aeb6d,0dee3434-90df-45e7-855f-b896c866762c
269b05ee-c785-4613-8493-ddc0c48aeb6d,2777944a-8de2-4013-8db2-06ff2366cc91
269b05ee-c785-4613-8493-ddc0c48aeb6d,1318851f-58c0-413a-bbef-c9fc99ab56b2
269b05ee-c785-4613-8493-ddc0c48aeb6d,d30f0c87-4384-474d-ae52-976300282f7a
269b05ee-c785-4613-8493-ddc0c48aeb6d,d0765037-ba39-4f2b-90cd-a536a9cd46c9
269b05ee-c785-4613-8493-ddc0c48aeb6d,b50b3f65-221b-4414-a95b-3f861176d5f9
269b05ee-c785-4613-8493-ddc0c48aeb6d,5b4daff9-8fcd-4799-b23e-cf80a41f3376
269b05ee-c785-4613-8493-ddc0c48aeb6d,0fa44681-f5da-4dcb-9656-31b714bd20f4
269b05ee-c785-4613-8493-ddc0c48aeb6d,48b8f0d3-830a-4011-8f40-2bf22a1cb91b
269b05ee-c785-4613-8493-ddc0c48aeb6d,aaf7132f-7daa-4461-8c91-355409f07f17
269b05ee-c785-4613-8493-ddc0c48aeb6d,d4d6cb33-3692-4482-9450-bcebd328fd96
269b05ee-c785-4613-8493-ddc0c48aeb6d,b92499b7-880d-4c02-8aac-a4073c213a4c
269b05ee-c785-4613-8493-ddc0c48aeb6d,770dd8a2-9cc8-4fde-abdb-b4bf3307a45d
269b05ee-c785-4613-8493-ddc0c48aeb6d,ed331b75-08e4-46d0-a9a1-7d583c300560
269b05ee-c785-4613-8493-ddc0c48aeb6d,0ea4a96b-179f-4632-9afc-ef98cdd9cb1b
269b05ee-c785-4613-8493-ddc0c48aeb6d,6ba823b6-24f3-4385-8d59-67e019ba002b
2d170836-d186-465d-bd07-1b4de6ec618f,b92499b7-880d-4c02-8aac-a4073c213a4c
2d170836-d186-465d-bd07-1b4de6ec618f,1318851f-58c0-413a-bbef-c9fc99ab56b2
2d170836-d186-465d-bd07-1b4de6ec618f,ed331b75-08e4-46d0-a9a1-7d583c300560
2d170836-d186-465d-bd07-1b4de6ec618f,0dee3434-90df-45e7-855f-b896c866762c
2d170836-d186-465d-bd07-1b4de6ec618f,2777944a-8de2-4013-8db2-06ff2366cc91
2d170836-d186-465d-bd07-1b4de6ec618f,6ba823b6-24f3-4385-8d59-67e019ba002b
2d170836-d186-465d-bd07-1b4de6ec618f,5b4daff9-8fcd-4799-b23e-cf80a41f3376
2d170836-d186-465d-bd07-1b4de6ec618f,d32ddb31-b92b-4968-8f57-94834f873f41
2d170836-d186-465d-bd07-1b4de6ec618f,b50b3f65-221b-4414-a95b-3f861176d5f9
2d170836-d186-465d-bd07-1b4de6ec618f,33870e90-b97b-439a-ba92-f42a44ef695d
2d170836-d186-465d-bd07-1b4de6ec618f,b0cae3e1-888b-4d2d-9197-e99ada42ff44
2d170836-d186-465d-bd07-1b4de6ec618f,0ea4a96b-179f-4632-9afc-ef98cdd9cb1b
2d170836-d186-465d-bd07-1b4de6ec618f,0fa44681-f5da-4dcb-9656-31b714bd20f4
2d170836-d186-465d-bd07-1b4de6ec618f,580dfac1-efe1-4339-84af-bbc86dbc63c9
2d170836-d186-465d-bd07-1b4de6ec618f,48b8f0d3-830a-4011-8f40-2bf22a1cb91b
2d170836-d186-465d-bd07-1b4de6ec618f,770dd8a2-9cc8-4fde-abdb-b4bf3307a45d
3c98e2e1-c4e1-439d-a64a-6832ff002110,0dee3434-90df-45e7-855f-b896c866762c
3c98e2e1-c4e1-439d-a64a-6832ff002110,ed331b75-08e4-46d0-a9a1-7d583c300560
3c98e2e1-c4e1-439d-a64a-6832ff002110,b92499b7-880d-4c02-8aac-a4073c213a4c
3c98e2e1-c4e1-439d-a64a-6832ff002110,33870e90-b97b-439a-ba92-f42a44ef695d
3c98e2e1-c4e1-439d-a64a-6832ff002110,d0765037-ba39-4f2b-90cd-a536a9cd46c9
3c98e2e1-c4e1-439d-a64a-6832ff002110,48b8f0d3-830a-4011-8f40-2bf22a1cb91b
3c98e2e1-c4e1-439d-a64a-6832ff002110,0ea4a96b-179f-4632-9afc-ef98cdd9cb1b
3c98e2e1-c4e1-439d-a64a-6832ff002110,0fa44681-f5da-4dcb-9656-31b714bd20f4
3c98e2e1-c4e1-439d-a64a-6832ff002110,d30f0c87-4384-474d-ae52-976300282f7a
3c98e2e1-c4e1-439d-a64a-6832ff002110,1318851f-58c0-413a-bbef-c9fc99ab56b2
3c98e2e1-c4e1-439d-a64a-6832ff002110,6ba823b6-24f3-4385-8d59-67e019ba002b
3c98e2e1-c4e1-439d-a64a-6832ff002110,b50b3f65-221b-4414-a95b-3f861176d5f9
3c98e2e1-c4e1-439d-a64a-6832ff002110,5b4daff9-8fcd-4799-b23e-cf80a41f3376
3c98e2e1-c4e1-439d-a64a-6832ff002110,770dd8a2-9cc8-4fde-abdb-b4bf3307a45d
3c98e2e1-c4e1-439d-a64a-6832ff002110,d32ddb31-b92b-4968-8f57-94834f873f41
3c98e2e1-c4e1-439d-a64a-6832ff002110,aaf7132f-7daa-4461-8c91-355409f07f17
3c98e2e1-c4e1-439d-a64a-6832ff002110,d4d6cb33-3692-4482-9450-bcebd328fd96
49fe4adb-7afb-4df9-8bd1-8a11a17b753c,1318851f-58c0-413a-bbef-c9fc99ab56b2
49fe4adb-7afb-4df9-8bd1-8a11a17b753c,b92499b7-880d-4c02-8aac-a4073c213a4c
49fe4adb-7afb-4df9-8bd1-8a11a17b753c,d32ddb31-b92b-4968-8f57-94834f873f41
49fe4adb-7afb-4df9-8bd1-8a11a17b753c,33870e90-b97b-439a-ba92-f42a44ef695d
49fe4adb-7afb-4df9-8bd1-8a11a17b753c,ed331b75-08e4-46d0-a9a1-7d583c300560
49fe4adb-7afb-4df9-8bd1-8a11a17b753c,0dee3434-90df-45e7-855f-b896c866762c
49fe4adb-7afb-4df9-8bd1-8a11a17b753c,5b4daff9-8fcd-4799-b23e-cf80a41f3376
49fe4adb-7afb-4df9-8bd1-8a11a17b753c,580dfac1-efe1-4339-84af-bbc86dbc63c9
49fe4adb-7afb-4df9-8bd1-8a11a17b753c,b50b3f65-221b-4414-a95b-3f861176d5f9
49fe4adb-7afb-4df9-8bd1-8a11a17b753c,770dd8a2-9cc8-4fde-abdb-b4bf3307a45d
49fe4adb-7afb-4df9-8bd1-8a11a17b753c,6ba823b6-24f3-4385-8d59-67e019ba002b
49fe4adb-7afb-4df9-8bd1-8a11a17b753c,b0cae3e1-888b-4d2d-9197-e99ada42ff44
49fe4adb-7afb-4df9-8bd1-8a11a17b753c,0ea4a96b-179f-4632-9afc-ef98cdd9cb1b
49fe4adb-7afb-4df9-8bd1-8a11a17b753c,2777944a-8de2-4013-8db2-06ff2366cc91
49fe4adb-7afb-4df9-8bd1-8a11a17b753c,0fa44681-f5da-4dcb-9656-31b714bd20f4
49fe4adb-7afb-4df9-8bd1-8a11a17b753c,48b8f0d3-830a-4011-8f40-2bf22a1cb91b
51f421d5-c195-4bbd-a2ca-bd856fe67f1a,b50b3f65-221b-4414-a95b-3f861176d5f9
51f421d5-c195-4bbd-a2ca-bd856fe67f1a,6ba823b6-24f3-4385-8d59-67e019ba002b
51f421d5-c195-4bbd-a2ca-bd856fe67f1a,2777944a-8de2-4013-8db2-06ff2366cc91
51f421d5-c195-4bbd-a2ca-bd856fe67f1a,48b8f0d3-830a-4011-8f40-2bf22a1cb91b
51f421d5-c195-4bbd-a2ca-bd856fe67f1a,0dee3434-90df-45e7-855f-b896c866762c
51f421d5-c195-4bbd-a2ca-bd856fe67f1a,5b4daff9-8fcd-4799-b23e-cf80a41f3376
51f421d5-c195-4bbd-a2ca-bd856fe67f1a,ed331b75-08e4-46d0-a9a1-7d583c300560
51f421d5-c195-4bbd-a2ca-bd856fe67f1a,0ea4a96b-179f-4632-9afc-ef98cdd9cb1b
51f421d5-c195-4bbd-a2ca-bd856fe67f1a,770dd8a2-9cc8-4fde-abdb-b4bf3307a45d
51f421d5-c195-4bbd-a2ca-bd856fe67f1a,d32ddb31-b92b-4968-8f57-94834f873f41
51f421d5-c195-4bbd-a2ca-bd856fe67f1a,1318851f-58c0-413a-bbef-c9fc99ab56b2
51f421d5-c195-4bbd-a2ca-bd856fe67f1a,4a0d8823-4185-4758-bc36-b36082e33077
51f421d5-c195-4bbd-a2ca-bd856fe67f1a,b92499b7-880d-4c02-8aac-a4073c213a4c
51f421d5-c195-4bbd-a2ca-bd856fe67f1a,0fa44681-f5da-4dcb-9656-31b714bd20f4
53bf5a5e-ae75-4bd4-b89a-586854806dec,0ea4a96b-179f-4632-9afc-ef98cdd9cb1b
53bf5a5e-ae75-4bd4-b89a-586854806dec,ed331b75-08e4-46d0-a9a1-7d583c300560
53bf5a5e-ae75-4bd4-b89a-586854806dec,b92499b7-880d-4c02-8aac-a4073c213a4c
53bf5a5e-ae75-4bd4-b89a-586854806dec,48b8f0d3-830a-4011-8f40-2bf22a1cb91b
53bf5a5e-ae75-4bd4-b89a-586854806dec,0dee3434-90df-45e7-855f-b896c866762c
53bf5a5e-ae75-4bd4-b89a-586854806dec,b50b3f65-221b-4414-a95b-3f861176d5f9
53bf5a5e-ae75-4bd4-b89a-586854806dec,5b4daff9-8fcd-4799-b23e-cf80a41f3376
53bf5a5e-ae75-4bd4-b89a-586854806dec,0fa44681-f5da-4dcb-9656-31b714bd20f4
53bf5a5e-ae75-4bd4-b89a-586854806dec,770dd8a2-9cc8-4fde-abdb-b4bf3307a45d
53bf5a5e-ae75-4bd4-b89a-586854806dec,4a0d8823-4185-4758-bc36-b36082e33077
53bf5a5e-ae75-4bd4-b89a-586854806dec,d32ddb31-b92b-4968-8f57-94834f873f41
53bf5a5e-ae75-4bd4-b89a-586854806dec,6ba823b6-24f3-4385-8d59-67e019ba002b
53bf5a5e-ae75-4bd4-b89a-586854806dec,1318851f-58c0-413a-bbef-c9fc99ab56b2
59a30ac9-8436-42a3-baf4-dd10899068c3,770dd8a2-9cc8-4fde-abdb-b4bf3307a45d
59a30ac9-8436-42a3-baf4-dd10899068c3,0fa44681-f5da-4dcb-9656-31b714bd20f4
59a30ac9-8436-42a3-baf4-dd10899068c3,b0cae3e1-888b-4d2d-9197-e99ada42ff44
59a30ac9-8436-42a3-baf4-dd10899068c3,ed331b75-08e4-46d0-a9a1-7d583c300560
59a30ac9-8436-42a3-baf4-dd10899068c3,d30f0c87-4384-474d-ae52-976300282f7a
59a30ac9-8436-42a3-baf4-dd10899068c3,b50b3f65-221b-4414-a95b-3f861176d5f9
59a30ac9-8436-42a3-baf4-dd10899068c3,b92499b7-880d-4c02-8aac-a4073c213a4c
59a30ac9-8436-42a3-baf4-dd10899068c3,d4d6cb33-3692-4482-9450-bcebd328fd96
59a30ac9-8436-42a3-baf4-dd10899068c3,48b8f0d3-830a-4011-8f40-2bf22a1cb91b
59a30ac9-8436-42a3-baf4-dd10899068c3,2777944a-8de2-4013-8db2-06ff2366cc91
59a30ac9-8436-42a3-baf4-dd10899068c3,d0765037-ba39-4f2b-90cd-a536a9cd46c9
59a30ac9-8436-42a3-baf4-dd10899068c3,d32ddb31-b92b-4968-8f57-94834f873f41
59a30ac9-8436-42a3-baf4-dd10899068c3,1318851f-58c0-413a-bbef-c9fc99ab56b2
59a30ac9-8436-42a3-baf4-dd10899068c3,aaf7132f-7daa-4461-8c91-355409f07f17
59a30ac9-8436-42a3-baf4-dd10899068c3,0ea4a96b-179f-4632-9afc-ef98cdd9cb1b
59a30ac9-8436-42a3-baf4-dd10899068c3,6ba823b6-24f3-4385-8d59-67e019ba002b
59a30ac9-8436-42a3-baf4-dd10899068c3,0dee3434-90df-45e7-855f-b896c866762c
627bd686-aa2e-4a9c-b63f-aa186252a3c6,0ea4a96b-179f-4632-9afc-ef98cdd9cb1b
627bd686-aa2e-4a9c-b63f-aa186252a3c6,6ba823b6-24f3-4385-8d59-67e019ba002b
627bd686-aa2e-4a9c-b63f-aa186252a3c6,1318851f-58c0-413a-bbef-c9fc99ab56b2
627bd686-aa2e-4a9c-b63f-aa186252a3c6,48b8f0d3-830a-4011-8f40-2bf22a1cb91b
627bd686-aa2e-4a9c-b63f-aa186252a3c6,ed331b75-08e4-46d0-a9a1-7d583c300560
627bd686-aa2e-4a9c-b63f-aa186252a3c6,d32ddb31-b92b-4968-8f57-94834f873f41
627bd686-aa2e-4a9c-b63f-aa186252a3c6,0fa44681-f5da-4dcb-9656-31b714bd20f4
627bd686-aa2e-4a9c-b63f-aa186252a3c6,b92499b7-880d-4c02-8aac-a4073c213a4c
627bd686-aa2e-4a9c-b63f-aa186252a3c6,b50b3f65-221b-4414-a95b-3f861176d5f9
627bd686-aa2e-4a9c-b63f-aa186252a3c6,770dd8a2-9cc8-4fde-abdb-b4bf3307a45d
627bd686-aa2e-4a9c-b63f-aa186252a3c6,0dee3434-90df-45e7-855f-b896c866762c
6aac3ba8-7423-44b6-8842-2a56e5f39044,0dee3434-90df-45e7-855f-b896c866762c
6aac3ba8-7423-44b6-8842-2a56e5f39044,ed331b75-08e4-46d0-a9a1-7d583c300560
6aac3ba8-7423-44b6-8842-2a56e5f39044,770dd8a2-9cc8-4fde-abdb-b4bf3307a45d
6aac3ba8-7423-44b6-8842-2a56e5f39044,0ea4a96b-179f-4632-9afc-ef98cdd9cb1b
6aac3ba8-7423-44b6-8842-2a56e5f39044,b50b3f65-221b-4414-a95b-3f861176d5f9
6aac3ba8-7423-44b6-8842-2a56e5f39044,48b8f0d3-830a-4011-8f40-2bf22a1cb91b
6aac3ba8-7423-44b6-8842-2a56e5f39044,0fa44681-f5da-4dcb-9656-31b714bd20f4
6aac3ba8-7423-44b6-8842-2a56e5f39044,33870e90-b97b-439a-ba92-f42a44ef695d
6aac3ba8-7423-44b6-8842-2a56e5f39044,d32ddb31-b92b-4968-8f57-94834f873f41
6aac3ba8-7423-44b6-8842-2a56e5f39044,1318851f-58c0-413a-bbef-c9fc99ab56b2
6aac3ba8-7423-44b6-8842-2a56e5f39044,6ba823b6-24f3-4385-8d59-67e019ba002b
6aac3ba8-7423-44b6-8842-2a56e5f39044,2777944a-8de2-4013-8db2-06ff2366cc91
6aac3ba8-7423-44b6-8842-2a56e5f39044,5b4daff9-8fcd-4799-b23e-cf80a41f3376
6aac3ba8-7423-44b6-8842-2a56e5f39044,b92499b7-880d-4c02-8aac-a4073c213a4c
727e11c8-5235-41ea-8f08-fde7576d51e4,770dd8a2-9cc8-4fde-abdb-b4bf3307a45d
727e11c8-5235-41ea-8f08-fde7576d51e4,d32ddb31-b92b-4968-8f57-94834f873f41
727e11c8-5235-41ea-8f08-fde7576d51e4,b0cae3e1-888b-4d2d-9197-e99ada42ff44
727e11c8-5235-41ea-8f08-fde7576d51e4,338d18a9-d869-46be-9e99-f7bffcc9820f
727e11c8-5235-41ea-8f08-fde7576d51e4,b92499b7-880d-4c02-8aac-a4073c213a4c
73c5af33-3001-4699-9876-d8774fca40e0,6a8e1d9e-88fb-48aa-a9c1-5a68935dc297
73c5af33-3001-4699-9876-d8774fca40e0,b92499b7-880d-4c02-8aac-a4073c213a4c
73c5af33-3001-4699-9876-d8774fca40e0,6ba823b6-24f3-4385-8d59-67e019ba002b
73c5af33-3001-4699-9876-d8774fca40e0,d30f0c87-4384-474d-ae52-976300282f7a
73c5af33-3001-4699-9876-d8774fca40e0,2777944a-8de2-4013-8db2-06ff2366cc91
73c5af33-3001-4699-9876-d8774fca40e0,0fa44681-f5da-4dcb-9656-31b714bd20f4
73c5af33-3001-4699-9876-d8774fca40e0,0dee3434-90df-45e7-855f-b896c866762c
73c5af33-3001-4699-9876-d8774fca40e0,5b4daff9-8fcd-4799-b23e-cf80a41f3376
73c5af33-3001-4699-9876-d8774fca40e0,1318851f-58c0-413a-bbef-c9fc99ab56b2
73c5af33-3001-4699-9876-d8774fca40e0,ed331b75-08e4-46d0-a9a1-7d583c300560
73c5af33-3001-4699-9876-d8774fca40e0,770dd8a2-9cc8-4fde-abdb-b4bf3307a45d
73c5af33-3001-4699-9876-d8774fca40e0,0ea4a96b-179f-4632-9afc-ef98cdd9cb1b
73c5af33-3001-4699-9876-d8774fca40e0,d32ddb31-b92b-4968-8f57-94834f873f41
73c5af33-3001-4699-9876-d8774fca40e0,48b8f0d3-830a-4011-8f40-2bf22a1cb91b
74f12484-da7a-4a1d-a8dd-895f9ff6d85d,ed331b75-08e4-46d0-a9a1-7d583c300560
74f12484-da7a-4a1d-a8dd-895f9ff6d85d,0ea4a96b-179f-4632-9afc-ef98cdd9cb1b
74f12484-da7a-4a1d-a8dd-895f9ff6d85d,0fa44681-f5da-4dcb-9656-31b714bd20f4
74f12484-da7a-4a1d-a8dd-895f9ff6d85d,b0cae3e1-888b-4d2d-9197-e99ada42ff44
74f12484-da7a-4a1d-a8dd-895f9ff6d85d,5b4daff9-8fcd-4799-b23e-cf80a41f3376
74f12484-da7a-4a1d-a8dd-895f9ff6d85d,b50b3f65-221b-4414-a95b-3f861176d5f9
74f12484-da7a-4a1d-a8dd-895f9ff6d85d,48b8f0d3-830a-4011-8f40-2bf22a1cb91b
74f12484-da7a-4a1d-a8dd-895f9ff6d85d,d32ddb31-b92b-4968-8f57-94834f873f41
74f12484-da7a-4a1d-a8dd-895f9ff6d85d,1318851f-58c0-413a-bbef-c9fc99ab56b2
74f12484-da7a-4a1d-a8dd-895f9ff6d85d,580dfac1-efe1-4339-84af-bbc86dbc63c9
74f12484-da7a-4a1d-a8dd-895f9ff6d85d,b92499b7-880d-4c02-8aac-a4073c213a4c
74f12484-da7a-4a1d-a8dd-895f9ff6d85d,0dee3434-90df-45e7-855f-b896c866762c
74f12484-da7a-4a1d-a8dd-895f9ff6d85d,6ba823b6-24f3-4385-8d59-67e019ba002b
74f12484-da7a-4a1d-a8dd-895f9ff6d85d,770dd8a2-9cc8-4fde-abdb-b4bf3307a45d
74f12484-da7a-4a1d-a8dd-895f9ff6d85d,2777944a-8de2-4013-8db2-06ff2366cc91
74f12484-da7a-4a1d-a8dd-895f9ff6d85d,33870e90-b97b-439a-ba92-f42a44ef695d
8610ee37-a285-46f1-afea-6820a9c1e42f,b50b3f65-221b-4414-a95b-3f861176d5f9
8610ee37-a285-46f1-afea-6820a9c1e42f,d32ddb31-b92b-4968-8f57-94834f873f41
8610ee37-a285-46f1-afea-6820a9c1e42f,0ea4a96b-179f-4632-9afc-ef98cdd9cb1b
8610ee37-a285-46f1-afea-6820a9c1e42f,6ba823b6-24f3-4385-8d59-67e019ba002b
8610ee37-a285-46f1-afea-6820a9c1e42f,770dd8a2-9cc8-4fde-abdb-b4bf3307a45d
8610ee37-a285-46f1-afea-6820a9c1e42f,0dee3434-90df-45e7-855f-b896c866762c
8610ee37-a285-46f1-afea-6820a9c1e42f,48b8f0d3-830a-4011-8f40-2bf22a1cb91b
8610ee37-a285-46f1-afea-6820a9c1e42f,338d18a9-d869-46be-9e99-f7bffcc9820f
8610ee37-a285-46f1-afea-6820a9c1e42f,1318851f-58c0-413a-bbef-c9fc99ab56b2
8610ee37-a285-46f1-afea-6820a9c1e42f,b0cae3e1-888b-4d2d-9197-e99ada42ff44
8610ee37-a285-46f1-afea-6820a9c1e42f,b92499b7-880d-4c02-8aac-a4073c213a4c
8610ee37-a285-46f1-afea-6820a9c1e42f,5b4daff9-8fcd-4799-b23e-cf80a41f3376
8610ee37-a285-46f1-afea-6820a9c1e42f,2777944a-8de2-4013-8db2-06ff2366cc91
86d9b0e6-be3c-4071-8d95-6f405a644b0e,ed331b75-08e4-46d0-a9a1-7d583c300560
86d9b0e6-be3c-4071-8d95-6f405a644b0e,5b4daff9-8fcd-4799-b23e-cf80a41f3376
86d9b0e6-be3c-4071-8d95-6f405a644b0e,b92499b7-880d-4c02-8aac-a4073c213a4c
86d9b0e6-be3c-4071-8d95-6f405a644b0e,b50b3f65-221b-4414-a95b-3f861176d5f9
86d9b0e6-be3c-4071-8d95-6f405a644b0e,770dd8a2-9cc8-4fde-abdb-b4bf3307a45d
86d9b0e6-be3c-4071-8d95-6f405a644b0e,d32ddb31-b92b-4968-8f57-94834f873f41
86d9b0e6-be3c-4071-8d95-6f405a644b0e,2777944a-8de2-4013-8db2-06ff2366cc91
86d9b0e6-be3c-4071-8d95-6f405a644b0e,0ea4a96b-179f-4632-9afc-ef98cdd9cb1b
86d9b0e6-be3c-4071-8d95-6f405a644b0e,48b8f0d3-830a-4011-8f40-2bf22a1cb91b
86d9b0e6-be3c-4071-8d95-6f405a644b0e,1318851f-58c0-413a-bbef-c9fc99ab56b2
86d9b0e6-be3c-4071-8d95-6f405a644b0e,0dee3434-90df-45e7-855f-b896c866762c
86d9b0e6-be3c-4071-8d95-6f405a644b0e,6ba823b6-24f3-4385-8d59-67e019ba002b
86d9b0e6-be3c-4071-8d95-6f405a644b0e,0fa44681-f5da-4dcb-9656-31b714bd20f4
86d9b0e6-be3c-4071-8d95-6f405a644b0e,33870e90-b97b-439a-ba92-f42a44ef695d
8aff8237-06e9-4a51-bbd7-514b92a9ed91,2777944a-8de2-4013-8db2-06ff2366cc91
8aff8237-06e9-4a51-bbd7-514b92a9ed91,0fa44681-f5da-4dcb-9656-31b714bd20f4
8aff8237-06e9-4a51-bbd7-514b92a9ed91,48b8f0d3-830a-4011-8f40-2bf22a1cb91b
8aff8237-06e9-4a51-bbd7-514b92a9ed91,b92499b7-880d-4c02-8aac-a4073c213a4c
8aff8237-06e9-4a51-bbd7-514b92a9ed91,d4d6cb33-3692-4482-9450-bcebd328fd96
8aff8237-06e9-4a51-bbd7-514b92a9ed91,0ea4a96b-179f-4632-9afc-ef98cdd9cb1b
8aff8237-06e9-4a51-bbd7-514b92a9ed91,ed331b75-08e4-46d0-a9a1-7d583c300560
8aff8237-06e9-4a51-bbd7-514b92a9ed91,5b4daff9-8fcd-4799-b23e-cf80a41f3376
8aff8237-06e9-4a51-bbd7-514b92a9ed91,aaf7132f-7daa-4461-8c91-355409f07f17
8aff8237-06e9-4a51-bbd7-514b92a9ed91,770dd8a2-9cc8-4fde-abdb-b4bf3307a45d
8aff8237-06e9-4a51-bbd7-514b92a9ed91,6ba823b6-24f3-4385-8d59-67e019ba002b
8aff8237-06e9-4a51-bbd7-514b92a9ed91,33870e90-b97b-439a-ba92-f42a44ef695d
8aff8237-06e9-4a51-bbd7-514b92a9ed91,d0765037-ba39-4f2b-90cd-a536a9cd46c9
8aff8237-06e9-4a51-bbd7-514b92a9ed91,1318851f-58c0-413a-bbef-c9fc99ab56b2
8aff8237-06e9-4a51-bbd7-514b92a9ed91,b50b3f65-221b-4414-a95b-3f861176d5f9
8aff8237-06e9-4a51-bbd7-514b92a9ed91,d30f0c87-4384-474d-ae52-976300282f7a
8aff8237-06e9-4a51-bbd7-514b92a9ed91,d32ddb31-b92b-4968-8f57-94834f873f41
8aff8237-06e9-4a51-bbd7-514b92a9ed91,0dee3434-90df-45e7-855f-b896c866762c
91e55f96-b1db-4c90-a4bc-66bead463d68,0dee3434-90df-45e7-855f-b896c866762c
91e55f96-b1db-4c90-a4bc-66bead463d68,b50b3f65-221b-4414-a95b-3f861176d5f9
91e55f96-b1db-4c90-a4bc-66bead463d68,d32ddb31-b92b-4968-8f57-94834f873f41
91e55f96-b1db-4c90-a4bc-66bead463d68,6ba823b6-24f3-4385-8d59-67e019ba002b
91e55f96-b1db-4c90-a4bc-66bead463d68,0fa44681-f5da-4dcb-9656-31b714bd20f4
91e55f96-b1db-4c90-a4bc-66bead463d68,0ea4a96b-179f-4632-9afc-ef98cdd9cb1b
91e55f96-b1db-4c90-a4bc-66bead463d68,2777944a-8de2-4013-8db2-06ff2366cc91
91e55f96-b1db-4c90-a4bc-66bead463d68,48b8f0d3-830a-4011-8f40-2bf22a1cb91b
91e55f96-b1db-4c90-a4bc-66bead463d68,ed331b75-08e4-46d0-a9a1-7d583c300560
91e55f96-b1db-4c90-a4bc-66bead463d68,1318851f-58c0-413a-bbef-c9fc99ab56b2
91e55f96-b1db-4c90-a4bc-66bead463d68,33870e90-b97b-439a-ba92-f42a44ef695d
91e55f96-b1db-4c90-a4bc-66bead463d68,770dd8a2-9cc8-4fde-abdb-b4bf3307a45d
91e55f96-b1db-4c90-a4bc-66bead463d68,b92499b7-880d-4c02-8aac-a4073c213a4c
91e55f96-b1db-4c90-a4bc-66bead463d68,5b4daff9-8fcd-4799-b23e-cf80a41f3376
921e77b9-b6b8-4232-85b1-0936ec4ddde1,b0cae3e1-888b-4d2d-9197-e99ada42ff44
921e77b9-b6b8-4232-85b1-0936ec4ddde1,770dd8a2-9cc8-4fde-abdb-b4bf3307a45d
921e77b9-b6b8-4232-85b1-0936ec4ddde1,5b4daff9-8fcd-4799-b23e-cf80a41f3376
921e77b9-b6b8-4232-85b1-0936ec4ddde1,d32ddb31-b92b-4968-8f57-94834f873f41
921e77b9-b6b8-4232-85b1-0936ec4ddde1,0dee3434-90df-45e7-855f-b896c866762c
921e77b9-b6b8-4232-85b1-0936ec4ddde1,6ba823b6-24f3-4385-8d59-67e019ba002b
921e77b9-b6b8-4232-85b1-0936ec4ddde1,b92499b7-880d-4c02-8aac-a4073c213a4c
921e77b9-b6b8-4232-85b1-0936ec4ddde1,48b8f0d3-830a-4011-8f40-2bf22a1cb91b
921e77b9-b6b8-4232-85b1-0936ec4ddde1,0ea4a96b-179f-4632-9afc-ef98cdd9cb1b
921e77b9-b6b8-4232-85b1-0936ec4ddde1,1318851f-58c0-413a-bbef-c9fc99ab56b2
921e77b9-b6b8-4232-85b1-0936ec4ddde1,580dfac1-efe1-4339-84af-bbc86dbc63c9
921e77b9-b6b8-4232-85b1-0936ec4ddde1,0fa44681-f5da-4dcb-9656-31b714bd20f4
921e77b9-b6b8-4232-85b1-0936ec4ddde1,ed331b75-08e4-46d0-a9a1-7d583c300560
93f31a33-3199-496c-8368-82e85cdb555a,aa841cb3-c76c-4602-b15e-2085f145e2bb
93f31a33-3199-496c-8368-82e85cdb555a,0ea4a96b-179f-4632-9afc-ef98cdd9cb1b
93f31a33-3199-496c-8368-82e85cdb555a,d30f0c87-4384-474d-ae52-976300282f7a
93f31a33-3199-496c-8368-82e85cdb555a,0fa44681-f5da-4dcb-9656-31b714bd20f4
93f31a33-3199-496c-8368-82e85cdb555a,0dee3434-90df-45e7-855f-b896c866762c
93f31a33-3199-496c-8368-82e85cdb555a,aaf7132f-7daa-4461-8c91-355409f07f17
93f31a33-3199-496c-8368-82e85cdb555a,b0cae3e1-888b-4d2d-9197-e99ada42ff44
93f31a33-3199-496c-8368-82e85cdb555a,48b8f0d3-830a-4011-8f40-2bf22a1cb91b
93f31a33-3199-496c-8368-82e85cdb555a,b92499b7-880d-4c02-8aac-a4073c213a4c
93f31a33-3199-496c-8368-82e85cdb555a,d4d6cb33-3692-4482-9450-bcebd328fd96
93f31a33-3199-496c-8368-82e85cdb555a,2777944a-8de2-4013-8db2-06ff2366cc91
93f31a33-3199-496c-8368-82e85cdb555a,ed331b75-08e4-46d0-a9a1-7d583c300560
93f31a33-3199-496c-8368-82e85cdb555a,5b4daff9-8fcd-4799-b23e-cf80a41f3376
93f31a33-3199-496c-8368-82e85cdb555a,d32ddb31-b92b-4968-8f57-94834f873f41
93f31a33-3199-496c-8368-82e85cdb555a,b50b3f65-221b-4414-a95b-3f861176d5f9
93f31a33-3199-496c-8368-82e85cdb555a,770dd8a2-9cc8-4fde-abdb-b4bf3307a45d
97c8f3b3-d0e2-426d-84f6-b3ea4011aee8,1318851f-58c0-413a-bbef-c9fc99ab56b2
97c8f3b3-d0e2-426d-84f6-b3ea4011aee8,4a0d8823-4185-4758-bc36-b36082e33077
97c8f3b3-d0e2-426d-84f6-b3ea4011aee8,ed331b75-08e4-46d0-a9a1-7d583c300560
97c8f3b3-d0e2-426d-84f6-b3ea4011aee8,d30f0c87-4384-474d-ae52-976300282f7a
97c8f3b3-d0e2-426d-84f6-b3ea4011aee8,d32ddb31-b92b-4968-8f57-94834f873f41
97c8f3b3-d0e2-426d-84f6-b3ea4011aee8,0dee3434-90df-45e7-855f-b896c866762c
97c8f3b3-d0e2-426d-84f6-b3ea4011aee8,770dd8a2-9cc8-4fde-abdb-b4bf3307a45d
97c8f3b3-d0e2-426d-84f6-b3ea4011aee8,6a8e1d9e-88fb-48aa-a9c1-5a68935dc297
97c8f3b3-d0e2-426d-84f6-b3ea4011aee8,48b8f0d3-830a-4011-8f40-2bf22a1cb91b
97c8f3b3-d0e2-426d-84f6-b3ea4011aee8,0fa44681-f5da-4dcb-9656-31b714bd20f4
97c8f3b3-d0e2-426d-84f6-b3ea4011aee8,b92499b7-880d-4c02-8aac-a4073c213a4c
97c8f3b3-d0e2-426d-84f6-b3ea4011aee8,d4d6cb33-3692-4482-9450-bcebd328fd96
97c8f3b3-d0e2-426d-84f6-b3ea4011aee8,2777944a-8de2-4013-8db2-06ff2366cc91
97c8f3b3-d0e2-426d-84f6-b3ea4011aee8,b50b3f65-221b-4414-a95b-3f861176d5f9
97c8f3b3-d0e2-426d-84f6-b3ea4011aee8,6ba823b6-24f3-4385-8d59-67e019ba002b
97c8f3b3-d0e2-426d-84f6-b3ea4011aee8,5b4daff9-8fcd-4799-b23e-cf80a41f3376
97c8f3b3-d0e2-426d-84f6-b3ea4011aee8,d0765037-ba39-4f2b-90cd-a536a9cd46c9
97c8f3b3-d0e2-426d-84f6-b3ea4011aee8,0ea4a96b-179f-4632-9afc-ef98cdd9cb1b
9af14aca-df46-4904-84e7-ee3996b51603,770dd8a2-9cc8-4fde-abdb-b4bf3307a45d
9af14aca-df46-4904-84e7-ee3996b51603,b0cae3e1-888b-4d2d-9197-e99ada42ff44
9af14aca-df46-4904-84e7-ee3996b51603,580dfac1-efe1-4339-84af-bbc86dbc63c9
9af14aca-df46-4904-84e7-ee3996b51603,0ea4a96b-179f-4632-9afc-ef98cdd9cb1b
9af14aca-df46-4904-84e7-ee3996b51603,2777944a-8de2-4013-8db2-06ff2366cc91
9af14aca-df46-4904-84e7-ee3996b51603,b92499b7-880d-4c02-8aac-a4073c213a4c
9af14aca-df46-4904-84e7-ee3996b51603,338d18a9-d869-46be-9e99-f7bffcc9820f
9af14aca-df46-4904-84e7-ee3996b51603,1318851f-58c0-413a-bbef-c9fc99ab56b2
9af14aca-df46-4904-84e7-ee3996b51603,d32ddb31-b92b-4968-8f57-94834f873f41
a8a44ba1-38e3-4890-b3c0-35cb263eb82e,b50b3f65-221b-4414-a95b-3f861176d5f9
a8a44ba1-38e3-4890-b3c0-35cb263eb82e,0fa44681-f5da-4dcb-9656-31b714bd20f4
a8a44ba1-38e3-4890-b3c0-35cb263eb82e,48b8f0d3-830a-4011-8f40-2bf22a1cb91b
a8a44ba1-38e3-4890-b3c0-35cb263eb82e,0dee3434-90df-45e7-855f-b896c866762c
a8a44ba1-38e3-4890-b3c0-35cb263eb82e,ed331b75-08e4-46d0-a9a1-7d583c300560
a8a44ba1-38e3-4890-b3c0-35cb263eb82e,770dd8a2-9cc8-4fde-abdb-b4bf3307a45d
a8a44ba1-38e3-4890-b3c0-35cb263eb82e,d32ddb31-b92b-4968-8f57-94834f873f41
a8a44ba1-38e3-4890-b3c0-35cb263eb82e,b0cae3e1-888b-4d2d-9197-e99ada42ff44
a8a44ba1-38e3-4890-b3c0-35cb263eb82e,1318851f-58c0-413a-bbef-c9fc99ab56b2
a8a44ba1-38e3-4890-b3c0-35cb263eb82e,6ba823b6-24f3-4385-8d59-67e019ba002b
a8a44ba1-38e3-4890-b3c0-35cb263eb82e,b92499b7-880d-4c02-8aac-a4073c213a4c
a8a44ba1-38e3-4890-b3c0-35cb263eb82e,5b4daff9-8fcd-4799-b23e-cf80a41f3376
a8a44ba1-38e3-4890-b3c0-35cb263eb82e,0ea4a96b-179f-4632-9afc-ef98cdd9cb1b
ae3d1da7-f3c4-4938-987e-9abed0d36b04,b92499b7-880d-4c02-8aac-a4073c213a4c
ae3d1da7-f3c4-4938-987e-9abed0d36b04,d4d6cb33-3692-4482-9450-bcebd328fd96
ae3d1da7-f3c4-4938-987e-9abed0d36b04,b0cae3e1-888b-4d2d-9197-e99ada42ff44
ae3d1da7-f3c4-4938-987e-9abed0d36b04,aaf7132f-7daa-4461-8c91-355409f07f17
ae3d1da7-f3c4-4938-987e-9abed0d36b04,2777944a-8de2-4013-8db2-06ff2366cc91
ae3d1da7-f3c4-4938-987e-9abed0d36b04,d32ddb31-b92b-4968-8f57-94834f873f41
ae3d1da7-f3c4-4938-987e-9abed0d36b04,b50b3f65-221b-4414-a95b-3f861176d5f9
ae3d1da7-f3c4-4938-987e-9abed0d36b04,ed331b75-08e4-46d0-a9a1-7d583c300560
ae3d1da7-f3c4-4938-987e-9abed0d36b04,770dd8a2-9cc8-4fde-abdb-b4bf3307a45d
b173fefa-d489-4a9f-83f3-a91444ccbc28,48b8f0d3-830a-4011-8f40-2bf22a1cb91b
b173fefa-d489-4a9f-83f3-a91444ccbc28,1318851f-58c0-413a-bbef-c9fc99ab56b2
b173fefa-d489-4a9f-83f3-a91444ccbc28,770dd8a2-9cc8-4fde-abdb-b4bf3307a45d
b173fefa-d489-4a9f-83f3-a91444ccbc28,0ea4a96b-179f-4632-9afc-ef98cdd9cb1b
b173fefa-d489-4a9f-83f3-a91444ccbc28,b50b3f65-221b-4414-a95b-3f861176d5f9
b173fefa-d489-4a9f-83f3-a91444ccbc28,b92499b7-880d-4c02-8aac-a4073c213a4c
b173fefa-d489-4a9f-83f3-a91444ccbc28,33870e90-b97b-439a-ba92-f42a44ef695d
b173fefa-d489-4a9f-83f3-a91444ccbc28,0fa44681-f5da-4dcb-9656-31b714bd20f4
b173fefa-d489-4a9f-83f3-a91444ccbc28,0dee3434-90df-45e7-855f-b896c866762c
b173fefa-d489-4a9f-83f3-a91444ccbc28,d32ddb31-b92b-4968-8f57-94834f873f41
b173fefa-d489-4a9f-83f3-a91444ccbc28,b0cae3e1-888b-4d2d-9197-e99ada42ff44
b173fefa-d489-4a9f-83f3-a91444ccbc28,ed331b75-08e4-46d0-a9a1-7d583c300560
b173fefa-d489-4a9f-83f3-a91444ccbc28,6ba823b6-24f3-4385-8d59-67e019ba002b
b173fefa-d489-4a9f-83f3-a91444ccbc28,5b4daff9-8fcd-4799-b23e-cf80a41f3376
b5961b7b-4711-4969-948d-b65049532df4,6ba823b6-24f3-4385-8d59-67e019ba002b
b5961b7b-4711-4969-948d-b65049532df4,770dd8a2-9cc8-4fde-abdb-b4bf3307a45d
b5961b7b-4711-4969-948d-b65049532df4,338d18a9-d869-46be-9e99-f7bffcc9820f
b5961b7b-4711-4969-948d-b65049532df4,2777944a-8de2-4013-8db2-06ff2366cc91
b5961b7b-4711-4969-948d-b65049532df4,48b8f0d3-830a-4011-8f40-2bf22a1cb91b
b5961b7b-4711-4969-948d-b65049532df4,0dee3434-90df-45e7-855f-b896c866762c
b5961b7b-4711-4969-948d-b65049532df4,b0cae3e1-888b-4d2d-9197-e99ada42ff44
b5961b7b-4711-4969-948d-b65049532df4,0ea4a96b-179f-4632-9afc-ef98cdd9cb1b
b5961b7b-4711-4969-948d-b65049532df4,5b4daff9-8fcd-4799-b23e-cf80a41f3376
b5961b7b-4711-4969-948d-b65049532df4,1318851f-58c0-413a-bbef-c9fc99ab56b2
b5961b7b-4711-4969-948d-b65049532df4,4a0d8823-4185-4758-bc36-b36082e33077
b5961b7b-4711-4969-948d-b65049532df4,0fa44681-f5da-4dcb-9656-31b714bd20f4
b5961b7b-4711-4969-948d-b65049532df4,b92499b7-880d-4c02-8aac-a4073c213a4c
b5961b7b-4711-4969-948d-b65049532df4,580dfac1-efe1-4339-84af-bbc86dbc63c9
b5961b7b-4711-4969-948d-b65049532df4,d32ddb31-b92b-4968-8f57-94834f873f41
b5961b7b-4711-4969-948d-b65049532df4,b50b3f65-221b-4414-a95b-3f861176d5f9
bc0010ab-ab45-47d0-b981-55985dc17e69,6ba823b6-24f3-4385-8d59-67e019ba002b
bc0010ab-ab45-47d0-b981-55985dc17e69,580dfac1-efe1-4339-84af-bbc86dbc63c9
bc0010ab-ab45-47d0-b981-55985dc17e69,b0cae3e1-888b-4d2d-9197-e99ada42ff44
bc0010ab-ab45-47d0-b981-55985dc17e69,770dd8a2-9cc8-4fde-abdb-b4bf3307a45d
bc0010ab-ab45-47d0-b981-55985dc17e69,5b4daff9-8fcd-4799-b23e-cf80a41f3376
bc0010ab-ab45-47d0-b981-55985dc17e69,1318851f-58c0-413a-bbef-c9fc99ab56b2
bc0010ab-ab45-47d0-b981-55985dc17e69,b92499b7-880d-4c02-8aac-a4073c213a4c
bc0010ab-ab45-47d0-b981-55985dc17e69,d32ddb31-b92b-4968-8f57-94834f873f41
bc68b294-8cec-4c26-b687-a164b80c5046,ed331b75-08e4-46d0-a9a1-7d583c300560
bc68b294-8cec-4c26-b687-a164b80c5046,1318851f-58c0-413a-bbef-c9fc99ab56b2
bc68b294-8cec-4c26-b687-a164b80c5046,0fa44681-f5da-4dcb-9656-31b714bd20f4
bc68b294-8cec-4c26-b687-a164b80c5046,770dd8a2-9cc8-4fde-abdb-b4bf3307a45d
bc68b294-8cec-4c26-b687-a164b80c5046,f8fd5878-9b02-4fdd-9217-32857f396acb
c41f457e-cc72-48a3-8f9f-2eefe78b9336,5b4daff9-8fcd-4799-b23e-cf80a41f3376
c41f457e-cc72-48a3-8f9f-2eefe78b9336,0fa44681-f5da-4dcb-9656-31b714bd20f4
c41f457e-cc72-48a3-8f9f-2eefe78b9336,2777944a-8de2-4013-8db2-06ff2366cc91
c41f457e-cc72-48a3-8f9f-2eefe78b9336,33870e90-b97b-439a-ba92-f42a44ef695d
c41f457e-cc72-48a3-8f9f-2eefe78b9336,770dd8a2-9cc8-4fde-abdb-b4bf3307a45d
c41f457e-cc72-48a3-8f9f-2eefe78b9336,580dfac1-efe1-4339-84af-bbc86dbc63c9
c41f457e-cc72-48a3-8f9f-2eefe78b9336,1318851f-58c0-413a-bbef-c9fc99ab56b2
c41f457e-cc72-48a3-8f9f-2eefe78b9336,0dee3434-90df-45e7-855f-b896c866762c
c41f457e-cc72-48a3-8f9f-2eefe78b9336,48b8f0d3-830a-4011-8f40-2bf22a1cb91b
c41f457e-cc72-48a3-8f9f-2eefe78b9336,b92499b7-880d-4c02-8aac-a4073c213a4c
c41f457e-cc72-48a3-8f9f-2eefe78b9336,d32ddb31-b92b-4968-8f57-94834f873f41
c41f457e-cc72-48a3-8f9f-2eefe78b9336,ed331b75-08e4-46d0-a9a1-7d583c300560
c41f457e-cc72-48a3-8f9f-2eefe78b9336,0ea4a96b-179f-4632-9afc-ef98cdd9cb1b
c41f457e-cc72-48a3-8f9f-2eefe78b9336,b0cae3e1-888b-4d2d-9197-e99ada42ff44
c41f457e-cc72-48a3-8f9f-2eefe78b9336,b50b3f65-221b-4414-a95b-3f861176d5f9
c41f457e-cc72-48a3-8f9f-2eefe78b9336,6ba823b6-24f3-4385-8d59-67e019ba002b
d86a07ab-36ec-4046-bcb1-ba9be98f1921,d0765037-ba39-4f2b-90cd-a536a9cd46c9
d86a07ab-36ec-4046-bcb1-ba9be98f1921,580dfac1-efe1-4339-84af-bbc86dbc63c9
d86a07ab-36ec-4046-bcb1-ba9be98f1921,48b8f0d3-830a-4011-8f40-2bf22a1cb91b
d86a07ab-36ec-4046-bcb1-ba9be98f1921,aaf7132f-7daa-4461-8c91-355409f07f17
d86a07ab-36ec-4046-bcb1-ba9be98f1921,0dee3434-90df-45e7-855f-b896c866762c
d86a07ab-36ec-4046-bcb1-ba9be98f1921,5b4daff9-8fcd-4799-b23e-cf80a41f3376
d86a07ab-36ec-4046-bcb1-ba9be98f1921,d4d6cb33-3692-4482-9450-bcebd328fd96
d86a07ab-36ec-4046-bcb1-ba9be98f1921,6ba823b6-24f3-4385-8d59-67e019ba002b
d86a07ab-36ec-4046-bcb1-ba9be98f1921,d32ddb31-b92b-4968-8f57-94834f873f41
d86a07ab-36ec-4046-bcb1-ba9be98f1921,0ea4a96b-179f-4632-9afc-ef98cdd9cb1b
d86a07ab-36ec-4046-bcb1-ba9be98f1921,b50b3f65-221b-4414-a95b-3f861176d5f9
d86a07ab-36ec-4046-bcb1-ba9be98f1921,1318851f-58c0-413a-bbef-c9fc99ab56b2
d86a07ab-36ec-4046-bcb1-ba9be98f1921,b92499b7-880d-4c02-8aac-a4073c213a4c
d86a07ab-36ec-4046-bcb1-ba9be98f1921,2777944a-8de2-4013-8db2-06ff2366cc91
d86a07ab-36ec-4046-bcb1-ba9be98f1921,0fa44681-f5da-4dcb-9656-31b714bd20f4
d86a07ab-36ec-4046-bcb1-ba9be98f1921,770dd8a2-9cc8-4fde-abdb-b4bf3307a45d
d86a07ab-36ec-4046-bcb1-ba9be98f1921,ed331b75-08e4-46d0-a9a1-7d583c300560
d86a07ab-36ec-4046-bcb1-ba9be98f1921,d30f0c87-4384-474d-ae52-976300282f7a
db29333e-4d90-41b6-b033-27717bd10ce2,b92499b7-880d-4c02-8aac-a4073c213a4c
db29333e-4d90-41b6-b033-27717bd10ce2,5b4daff9-8fcd-4799-b23e-cf80a41f3376
db29333e-4d90-41b6-b033-27717bd10ce2,d32ddb31-b92b-4968-8f57-94834f873f41
db29333e-4d90-41b6-b033-27717bd10ce2,6ba823b6-24f3-4385-8d59-67e019ba002b
db29333e-4d90-41b6-b033-27717bd10ce2,770dd8a2-9cc8-4fde-abdb-b4bf3307a45d
db29333e-4d90-41b6-b033-27717bd10ce2,0fa44681-f5da-4dcb-9656-31b714bd20f4
db29333e-4d90-41b6-b033-27717bd10ce2,580dfac1-efe1-4339-84af-bbc86dbc63c9
db29333e-4d90-41b6-b033-27717bd10ce2,1318851f-58c0-413a-bbef-c9fc99ab56b2
db29333e-4d90-41b6-b033-27717bd10ce2,ed331b75-08e4-46d0-a9a1-7d583c300560
db29333e-4d90-41b6-b033-27717bd10ce2,48b8f0d3-830a-4011-8f40-2bf22a1cb91b
db29333e-4d90-41b6-b033-27717bd10ce2,b0cae3e1-888b-4d2d-9197-e99ada42ff44
db29333e-4d90-41b6-b033-27717bd10ce2,0dee3434-90df-45e7-855f-b896c866762c
db29333e-4d90-41b6-b033-27717bd10ce2,0ea4a96b-179f-4632-9afc-ef98cdd9cb1b
e1ac5a01-ed37-4cc8-bba0-e887607b1e8a,b92499b7-880d-4c02-8aac-a4073c213a4c
e1ac5a01-ed37-4cc8-bba0-e887607b1e8a,33870e90-b97b-439a-ba92-f42a44ef695d
e1ac5a01-ed37-4cc8-bba0-e887607b1e8a,ed331b75-08e4-46d0-a9a1-7d583c300560
e1ac5a01-ed37-4cc8-bba0-e887607b1e8a,b0cae3e1-888b-4d2d-9197-e99ada42ff44
e1ac5a01-ed37-4cc8-bba0-e887607b1e8a,5b4daff9-8fcd-4799-b23e-cf80a41f3376
e1ac5a01-ed37-4cc8-bba0-e887607b1e8a,6ba823b6-24f3-4385-8d59-67e019ba002b
e1ac5a01-ed37-4cc8-bba0-e887607b1e8a,2777944a-8de2-4013-8db2-06ff2366cc91
e1ac5a01-ed37-4cc8-bba0-e887607b1e8a,0ea4a96b-179f-4632-9afc-ef98cdd9cb1b
e1ac5a01-ed37-4cc8-bba0-e887607b1e8a,b50b3f65-221b-4414-a95b-3f861176d5f9
e1ac5a01-ed37-4cc8-bba0-e887607b1e8a,0dee3434-90df-45e7-855f-b896c866762c
e1ac5a01-ed37-4cc8-bba0-e887607b1e8a,d32ddb31-b92b-4968-8f57-94834f873f41
e1ac5a01-ed37-4cc8-bba0-e887607b1e8a,1318851f-58c0-413a-bbef-c9fc99ab56b2
e1ac5a01-ed37-4cc8-bba0-e887607b1e8a,0fa44681-f5da-4dcb-9656-31b714bd20f4
e1ac5a01-ed37-4cc8-bba0-e887607b1e8a,48b8f0d3-830a-4011-8f40-2bf22a1cb91b
e1ac5a01-ed37-4cc8-bba0-e887607b1e8a,770dd8a2-9cc8-4fde-abdb-b4bf3307a45d
e1ac5a01-ed37-4cc8-bba0-e887607b1e8a,580dfac1-efe1-4339-84af-bbc86dbc63c9
fd3713cf-36bc-4dd6-903f-c95c9b1fe8ef,0dee3434-90df-45e7-855f-b896c866762c
fd3713cf-36bc-4dd6-903f-c95c9b1fe8ef,48b8f0d3-830a-4011-8f40-2bf22a1cb91b
fd3713cf-36bc-4dd6-903f-c95c9b1fe8ef,0fa44681-f5da-4dcb-9656-31b714bd20f4
fd3713cf-36bc-4dd6-903f-c95c9b1fe8ef,b92499b7-880d-4c02-8aac-a4073c213a4c
fd3713cf-36bc-4dd6-903f-c95c9b1fe8ef,770dd8a2-9cc8-4fde-abdb-b4bf3307a45d
fd3713cf-36bc-4dd6-903f-c95c9b1fe8ef,ed331b75-08e4-46d0-a9a1-7d583c300560
fd3713cf-36bc-4dd6-903f-c95c9b1fe8ef,5b4daff9-8fcd-4799-b23e-cf80a41f3376
fd3713cf-36bc-4dd6-903f-c95c9b1fe8ef,0ea4a96b-179f-4632-9afc-ef98cdd9cb1b
fd3713cf-36bc-4dd6-903f-c95c9b1fe8ef,d32ddb31-b92b-4968-8f57-94834f873f41
fd3713cf-36bc-4dd6-903f-c95c9b1fe8ef,2777944a-8de2-4013-8db2-06ff2366cc91
fd3713cf-36bc-4dd6-903f-c95c9b1fe8ef,b50b3f65-221b-4414-a95b-3f861176d5f9
fd3713cf-36bc-4dd6-903f-c95c9b1fe8ef,1318851f-58c0-413a-bbef-c9fc99ab56b2
fd3713cf-36bc-4dd6-903f-c95c9b1fe8ef,b0cae3e1-888b-4d2d-9197-e99ada42ff44
fd3713cf-36bc-4dd6-903f-c95c9b1fe8ef,6ba823b6-24f3-4385-8d59-67e019ba002b
ffa19103-837b-4d46-a96a-36c90762ed2e,b50b3f65-221b-4414-a95b-3f861176d5f9
ffa19103-837b-4d46-a96a-36c90762ed2e,1318851f-58c0-413a-bbef-c9fc99ab56b2
ffa19103-837b-4d46-a96a-36c90762ed2e,b92499b7-880d-4c02-8aac-a4073c213a4c
ffa19103-837b-4d46-a96a-36c90762ed2e,770dd8a2-9cc8-4fde-abdb-b4bf3307a45d
ffa19103-837b-4d46-a96a-36c90762ed2e,ed331b75-08e4-46d0-a9a1-7d583c300560
ffa19103-837b-4d46-a96a-36c90762ed2e,b0cae3e1-888b-4d2d-9197-e99ada42ff44
ffa19103-837b-4d46-a96a-36c90762ed2e,33870e90-b97b-439a-ba92-f42a44ef695d
ffa19103-837b-4d46-a96a-36c90762ed2e,0fa44681-f5da-4dcb-9656-31b714bd20f4
ffa19103-837b-4d46-a96a-36c90762ed2e,0ea4a96b-179f-4632-9afc-ef98cdd9cb1b
ffa19103-837b-4d46-a96a-36c90762ed2e,4a0d8823-4185-4758-bc36-b36082e33077
ffa19103-837b-4d46-a96a-36c90762ed2e,5b4daff9-8fcd-4799-b23e-cf80a41f3376
ffa19103-837b-4d46-a96a-36c90762ed2e,d32ddb31-b92b-4968-8f57-94834f873f41
ffa19103-837b-4d46-a96a-36c90762ed2e,2777944a-8de2-4013-8db2-06ff2366cc91
ffa19103-837b-4d46-a96a-36c90762ed2e,0dee3434-90df-45e7-855f-b896c866762c
ffa19103-837b-4d46-a96a-36c90762ed2e,580dfac1-efe1-4339-84af-bbc86dbc63c9
ffa19103-837b-4d46-a96a-36c90762ed2e,48b8f0d3-830a-4011-8f40-2bf22a1cb91b
ffa19103-837b-4d46-a96a-36c90762ed2e,6ba823b6-24f3-4385-8d59-67e019ba002b