id,place_id,image_url,caption,sort_order
e2880693-3e40-4951-9670-53114ce7f8c4,21b53861-bf8b-4b42-be1e-55f3e21ec781,https://drive.google.com/file/d/1kEmubKpkCccxevYbTplmRLY9N_VoDgq-/view?usp=drive_link,,0
86072ec7-29d9-4347-812a-94963755935f,21b53861-bf8b-4b42-be1e-55f3e21ec781,https://drive.google.com/file/d/1fqlK3eF4TfV5b8KcSb-HJBmgQNGbtxHJ/view?usp=drive_link,,1
be6377fd-83ba-4111-ab5d-211700fdac2e,21b53861-bf8b-4b42-be1e-55f3e21ec781,https://drive.google.com/file/d/1DPHsUdxfBE5mNRUHA9iLjHE0yfs9FN3r/view?usp=drive_link,,2
be2cbcbf-d4c0-424e-810e-31e1d4a6f7f1,21b53861-bf8b-4b42-be1e-55f3e21ec781,https://drive.google.com/file/d/1py2XzmuZCg4PJywVLaYj9CZSuhe68Jtr/view?usp=drive_link,,3
318969c3-459e-4af3-9cd5-9a9679f79ec9,21b53861-bf8b-4b42-be1e-55f3e21ec781,https://drive.google.com/file/d/13_YfdstGNxuPA7ADR5jSqK-iMj6-8CCE/view?usp=drive_link,,4
4187f365-412f-4c3a-a740-5aa5e6ba8b4a,269b05ee-c785-4613-8493-ddc0c48aeb6d,https://drive.google.com/file/d/17l6wbelvISaGEoobqVG4hL-K_I1jdBHF/view?usp=drive_link,,0
6a8c102f-6662-4a50-91cb-16d3d5f203a1,269b05ee-c785-4613-8493-ddc0c48aeb6d,https://drive.google.com/file/d/1D0EKQw3q2suS4F_hzCjZQw58_cTN9mjK/view?usp=drive_link,,1
f233795c-38bd-414d-84d7-2eebcc3b43e7,269b05ee-c785-4613-8493-ddc0c48aeb6d,https://drive.google.com/file/d/12wwSYOm_ky1rbYQkZz7pn8lBEEZs3xxn/view?usp=drive_link,,2
56bea7ef-a134-4cae-9fc0-d863ef533504,269b05ee-c785-4613-8493-ddc0c48aeb6d,https://drive.google.com/file/d/1IL8Dr8GPyW3Zb8RsotFk1yXbN6-9Irp2/view?usp=drive_link,,3
4586f808-ef39-442e-aa2f-669eca2046f7,269b05ee-c785-4613-8493-ddc0c48aeb6d,https://drive.google.com/file/d/14hYgeW5XSLeB6_Kc75BdQifjKJYmDfpO/view?usp=drive_link,,4
7524727a-a780-401b-9148-d32f51870989,2d170836-d186-465d-bd07-1b4de6ec618f,https://drive.google.com/file/d/1PhhykA6kJbIA3dgBjgeSZGb-PiqYRgDd/view?usp=drive_link,,0
b5e44427-d254-4fbe-8f5c-ee8245af8490,2d170836-d186-465d-bd07-1b4de6ec618f,https://drive.google.com/file/d/1MNboOC93gwe-c9n1yQlJdWXNZzrMqJwB/view?usp=drive_link,,1
ddf412a9-3fb1-4ee1-ad04-37c9d33bda47,2d170836-d186-465d-bd07-1b4de6ec618f,https://drive.google.com/file/d/1K_ysWETENncWNnSpx7krL5cIZa9vi6nW/view?usp=drive_link,,2
95998908-8962-48c6-956e-359bb1beecce,2d170836-d186-465d-bd07-1b4de6ec618f,https://drive.google.com/file/d/1OFUi_wBNReJjW99dC4vQSRzCnZrpXywN/view?usp=drive_link,,3
5826188e-a7e1-481f-985e-a5615db78ae7,2d170836-d186-465d-bd07-1b4de6ec618f,https://drive.google.com/file/d/1b_YixpivVbQYwPI8_2oIyPW9CZxKxIpf/view?usp=drive_link,,4
b1141c60-a727-42d6-aefd-1dd1d220c054,3c98e2e1-c4e1-439d-a64a-6832ff002110,https://drive.google.com/file/d/1mCZX9dtotWGklD0aU4bC4s-lTdPEnprH/view?usp=drive_link,,0
665752db-5701-49be-9808-d10be6c3ae30,3c98e2e1-c4e1-439d-a64a-6832ff002110,https://drive.google.com/file/d/1iF1UTHpUU6qx7K7lcWi6XIqanryNu8BB/view?usp=drive_link,,1
519bfd0b-255e-4748-9a05-5839afb68d52,3c98e2e1-c4e1-439d-a64a-6832ff002110,https://drive.google.com/file/d/1o-c0VWokinyFjHWcJGCqMtyQHRYwlPJi/view?usp=drive_link,,2
4871070f-36c9-4b3f-ac53-4d4a54da1f28,3c98e2e1-c4e1-439d-a64a-6832ff002110,https://drive.google.com/file/d/1EVsXAxGasxrboMqWRCtW41rSHZM36TMk/view?usp=drive_link,,3
1cd96b38-7422-4c43-9629-259c504211d0,3c98e2e1-c4e1-439d-a64a-6832ff002110,https://drive.google.com/file/d/1q7J_OchYHNoAILtlMIataCsU6An1H2sG/view?usp=drive_link,,4
30f84c74-56e2-49c4-a6a9-f952315c82ef,49fe4adb-7afb-4df9-8bd1-8a11a17b753c,https://drive.google.com/file/d/10GkYdVrP8ZqCkjKJ8szobIzT9-BdXhm_/view?usp=drive_link,,0
ab013440-9e5a-41db-9f1f-ca223f071f5b,49fe4adb-7afb-4df9-8bd1-8a11a17b753c,https://drive.google.com/file/d/1tjKUCHwEu9Z4BhybfEPL8-edSPFML9WS/view?usp=drive_link,,1
1cdf3c47-f9ec-4077-a76a-071b932adcc6,49fe4adb-7afb-4df9-8bd1-8a11a17b753c,https://drive.google.com/file/d/1Aa2POazpRRLbzKxoZEL8fD-HwGh7lNR-/view?usp=drive_link,,2
88788e63-39cd-4d8e-b14f-1ad3c8bfbb6c,49fe4adb-7afb-4df9-8bd1-8a11a17b753c,https://drive.google.com/file/d/1CruFCgAns4oPZexFzmA8vZKV9JELlKnT/view?usp=drive_link,,3
3efb6244-2b9f-4f75-b773-13ea7d56c1c7,49fe4adb-7afb-4df9-8bd1-8a11a17b753c,https://drive.google.com/file/d/1byyGbZGtv4LBush0M_ug77CrokqJiFgm/view?usp=drive_link,,4
6b9d9e97-f980-4dc1-9c23-c774376ece4a,51f421d5-c195-4bbd-a2ca-bd856fe67f1a,https://drive.google.com/file/d/16OkQu871uAlq14O1_k6oxy_EeGMsN_lu/view?usp=drive_link,,0
68b241c2-8106-45c9-a23b-142981725677,51f421d5-c195-4bbd-a2ca-bd856fe67f1a,https://drive.google.com/file/d/1ktyJv-vKVPb1Z5qYYMNFJroQOmSx4wlO/view?usp=drive_link,,1
b011bc86-b2d0-4b5b-80d8-8857bea9f058,51f421d5-c195-4bbd-a2ca-bd856fe67f1a,https://drive.google.com/file/d/1Whfz1lZi2vhOUrBn-7PJbKr7UnYma3BC/view?usp=sharing,,2
bfbbb831-6170-4f25-9096-cb00bc57a285,51f421d5-c195-4bbd-a2ca-bd856fe67f1a,https://drive.google.com/file/d/1CfSqDm9M405iTjh2_-hbnESbYegk2G9X/view?usp=drive_link,,3
fd3778f0-5aea-4083-9c1f-caaa2d79e45a,51f421d5-c195-4bbd-a2ca-bd856fe67f1a,https://drive.google.com/file/d/14kifDJW2o78Pa_7rV66R_pptlyQwWM6o/view?usp=drive_link,,4
5643d90b-6e9e-4983-99c2-3a6b140444d8,53bf5a5e-ae75-4bd4-b89a-586854806dec,https://drive.google.com/file/d/1M1WbTzsEQTej43GR7pONzrqOE7vS5kmu/view?usp=drive_link,,0
57f1e887-85fb-4a23-ad82-02938c2b195d,53bf5a5e-ae75-4bd4-b89a-586854806dec,https://drive.google.com/file/d/1vgnod5PKwEdN-ehT8rbhwyTQ_a5WuHPZ/view?usp=drive_link,,1
3c541412-9e6f-4bcd-910a-a1cb212a0eaa,53bf5a5e-ae75-4bd4-b89a-586854806dec,https://drive.google.com/file/d/1KJ5I_8srcNPnxNCzSVTUoxUsTZW0UIIE/view?usp=drive_link,,2
36085bb0-2840-4058-b97b-9013cd6fe8f2,53bf5a5e-ae75-4bd4-b89a-586854806dec,https://drive.google.com/file/d/1yztwzJNWEPpvZzvI5Lcl8KYSTv7y7cTu/view?usp=drive_link,,3
fc7cfee0-0c90-4e49-b53f-14781c243aaa,53bf5a5e-ae75-4bd4-b89a-586854806dec,https://drive.google.com/file/d/1ujlszSAoRoEAoicoFzx119bhYuRc5fkF/view?usp=drive_link,,4
b8dfaf7a-0581-469c-b7b8-0e6cd8cbc630,59a30ac9-8436-42a3-baf4-dd10899068c3,https://drive.google.com/file/d/1oIeJm1Lhxa9GZctYdg0zUtDHrSI6aKKm/view?usp=drive_link,,0
839c1899-51a2-43c1-b0b2-3d0c9de05035,59a30ac9-8436-42a3-baf4-dd10899068c3,https://drive.google.com/file/d/1WA8_mTq0VHfyCdqIU0HMRHPKSuPqzMoJ/view?usp=drive_link,,1
c22ddabe-1f3f-46de-a8e5-92b7d8745e2f,59a30ac9-8436-42a3-baf4-dd10899068c3,https://drive.google.com/file/d/1xWZsqA7tCUY1asmzQvaGU69wRHR3bfyL/view?usp=drive_link,,2
3719466f-49c8-41e1-99b6-9338c6f16d5c,59a30ac9-8436-42a3-baf4-dd10899068c3,https://drive.google.com/file/d/1Yl1UTIGcu1RvTulxBO8F_ignLtNW1862/view?usp=drive_link,,3
873bcacb-fa8b-4c72-ac07-3269aec8b2e5,59a30ac9-8436-42a3-baf4-dd10899068c3,https://drive.google.com/file/d/1rohm5hQ7KaNn7uQlCUAfRoA1AnRd2krT/view?usp=drive_link,,4
c3afc422-07da-4efa-a28d-7c6008f09654,627bd686-aa2e-4a9c-b63f-aa186252a3c6,https://drive.google.com/file/d/1FhCq-lkMzNi6jr-hjX-jAVQYUgeBx-Qy/view?usp=drive_link,,0
d04b6c1d-1f0c-463d-ba4a-c33beb8459cd,627bd686-aa2e-4a9c-b63f-aa186252a3c6,https://drive.google.com/file/d/1AxDOPElNr1izyjJNOaqx__QuFzKdf9n_/view?usp=drive_link,,1
47d919d5-0b17-40c3-a58d-c5acff42adc3,627bd686-aa2e-4a9c-b63f-aa186252a3c6,https://drive.google.com/file/d/13562-4Uu3zu6MJb4TL0HqGUNi5obFOD_/view?usp=drive_link,,2
b04dcbc6-63ab-464b-a38b-5c2ddfb7acb1,627bd686-aa2e-4a9c-b63f-aa186252a3c6,https://drive.google.com/file/d/101wN7F5smMtl34v3feM3a-xotpjVq5NT/view?usp=drive_link,,3
54a6a52e-e841-4272-b0c5-2fd9930d4448,627bd686-aa2e-4a9c-b63f-aa186252a3c6,https://drive.google.com/file/d/1V_wIvjSZ8qn9vYgzq7mdThS-r4K7EFVg/view?usp=drive_link,,4
d92e7fce-7179-479a-afcb-f52f5f45ff2b,6aac3ba8-7423-44b6-8842-2a56e5f39044,https://drive.google.com/file/d/1uEiY0f84QUswXrOL9jr7qsmMdiuxCGIC/view?usp=drive_link,,0
13cf7a6d-fd65-4cc9-bbba-c2ac4de97a1a,6aac3ba8-7423-44b6-8842-2a56e5f39044,https://drive.google.com/file/d/1N4-Y-rFAzP6xNgLHq1VC7dQaxs8G1Enr/view?usp=drive_link,,1
a27c140c-e4ec-4060-bc8c-284d1f1734e5,6aac3ba8-7423-44b6-8842-2a56e5f39044,https://drive.google.com/file/d/1TpCSJPx9op8fdRnBIMbSe_Mkbw28G-7J/view?usp=drive_link,,2
6d56339e-66a5-413d-8280-f524665e1eef,6aac3ba8-7423-44b6-8842-2a56e5f39044,https://drive.google.com/file/d/1m-VPfEnSdpa0NiCy5p74wA7oBtLAhXXq/view?usp=drive_link,,3
a56e6924-aa5a-49bc-bc42-61bfecaae7af,6aac3ba8-7423-44b6-8842-2a56e5f39044,https://drive.google.com/file/d/1AuhBnv4NGNTFm5_DPFDVOpF2Dh6cABwD/view?usp=drive_link,,4
80cefefb-5a01-466b-acd8-b4e2abd10a21,727e11c8-5235-41ea-8f08-fde7576d51e4,https://drive.google.com/file/d/1bUuJeS7VBf2oZhipvfIBQgnU4L823H_4/view?usp=drive_link,,0
95eed712-d179-46f5-b9d0-14241bb6a917,727e11c8-5235-41ea-8f08-fde7576d51e4,https://drive.google.com/file/d/1j-deLM6KflCaDlrt54EpkqVs1c5tPqpf/view?usp=drive_link,,1
5a321d08-c780-4bd0-b7cd-26d50b96c973,727e11c8-5235-41ea-8f08-fde7576d51e4,https://drive.google.com/file/d/1RpUQn-XrtoLA0GO4VsYvwsf1MvvsQJCA/view?usp=drive_link,,2
067a4f18-2942-434f-a678-b63ffdebb4d4,727e11c8-5235-41ea-8f08-fde7576d51e4,https://drive.google.com/file/d/18Fl4GlQap59pqyN9zyHkk6np6-F_C_Bp/view?usp=drive_link,,3
7ff3f178-7510-486a-a4b1-cf8102d53931,727e11c8-5235-41ea-8f08-fde7576d51e4,https://drive.google.com/file/d/1RRhDr_J_kviXfH7_06-mjeTVFqjw7bCw/view?usp=drive_link,,4
941c7352-d47b-43b6-8b5b-3e359835053e,73c5af33-3001-4699-9876-d8774fca40e0,https://drive.google.com/file/d/1w9X_DVFp1dgvBMB5OzKF4pTxojPaFG1y/view?usp=drive_link,,0
3b0cc6e7-b805-4fbb-8f4e-1cb34e8881a0,73c5af33-3001-4699-9876-d8774fca40e0,https://drive.google.com/file/d/1VyMKu6DN6KoqDLIi831C2nNdFACjv-mU/view?usp=drive_link,,1
e9ad770c-f7e0-4f75-9248-5efe46ca59fd,73c5af33-3001-4699-9876-d8774fca40e0,https://drive.google.com/file/d/1xGKPxlNDRNFNBokRQoq-iCeYaAuoHrQq/view?usp=drive_link,,2
52a3e440-09c2-40ae-8ce7-2bfcd11b1e62,73c5af33-3001-4699-9876-d8774fca40e0,https://drive.google.com/file/d/1zg3mOzQFLyTE5Xlp4KdxYdM34OJeqVTm/view?usp=drive_link,,3
60394299-3ce5-4c76-b7c7-d676e5ed53a9,73c5af33-3001-4699-9876-d8774fca40e0,https://drive.google.com/file/d/1YBnIf6RNnpKzRbnuTJ3xHAltAHSOkOt7/view?usp=drive_link,,4
c6708dec-4e05-4984-8dd1-f6ec7f230f1c,74f12484-da7a-4a1d-a8dd-895f9ff6d85d,https://drive.google.com/file/d/1-ehnIJ5wg06qkxG5hMBc-JCSrbq_vnvG/view?usp=drive_link,,0
4ee4d1e5-00e3-4c10-8ea6-1d5b766dcb46,74f12484-da7a-4a1d-a8dd-895f9ff6d85d,https://drive.google.com/file/d/1b5o2lLIdJSdr0EzkH9wR8E49PAR-oZsZ/view?usp=drive_link,,1
795b39b6-afda-4efa-9362-1810843b7e1a,74f12484-da7a-4a1d-a8dd-895f9ff6d85d,https://drive.google.com/file/d/1DcHfXCc_SiCNCGmtXxw4Vby82OCk7W5P/view?usp=drive_link,,2
754b5ee5-9b65-48b1-8dc2-2d2584058d19,74f12484-da7a-4a1d-a8dd-895f9ff6d85d,https://drive.google.com/file/d/1Toscilp7RuaWp6Lo0h8m3i0MijslMWIs/view?usp=sharing,,3
5f132044-98d5-42de-ab8a-ac132b491937,74f12484-da7a-4a1d-a8dd-895f9ff6d85d,https://drive.google.com/file/d/1KuC_T6HhQaqzR-RwJZC0LnXvxo4GN78A/view?usp=drive_link,,4
266f37df-3fcd-4eff-83ac-6fcde6c66c24,8610ee37-a285-46f1-afea-6820a9c1e42f,https://drive.google.com/file/d/1G6uA3HQR-dNn3VBVC2NEBFgFCG9PdDtG/view?usp=drive_link,,0
fbbc53bd-d64c-4c4f-99cb-c6391c54a304,8610ee37-a285-46f1-afea-6820a9c1e42f,https://drive.google.com/file/d/1Uo2bsQXzUz7Cem4YZqGwx-VIQynt8aD5/view?usp=drive_link,,1
77371ee0-3875-4a10-b65d-65aa3a1f8c47,8610ee37-a285-46f1-afea-6820a9c1e42f,https://drive.google.com/file/d/1pjxuAWXL3RsB_ZdbSNyrRDsWdX3jO9AV/view?usp=drive_link,,2
1b7266b0-3241-4d93-982f-c0880b108d8b,8610ee37-a285-46f1-afea-6820a9c1e42f,https://drive.google.com/file/d/1lFpZ_pmByWxEE3liV3q3pDiIQgmw4gES/view?usp=drive_link,,3
faeaf7fa-e3fa-4621-9ec5-d4afbae5198e,8610ee37-a285-46f1-afea-6820a9c1e42f,https://drive.google.com/file/d/1JdqDQAYshTZjPlys3ipKQ2vPsv19T6ct/view?usp=drive_link,,4
b04ef637-01c9-4f86-bbf4-a9ece4ae0d4d,86d9b0e6-be3c-4071-8d95-6f405a644b0e,https://drive.google.com/file/d/19eZ0aYMIqrHBlNNQr7zAYvP7Ffd0hmiL/view?usp=drive_link,,0
1a7d585b-5812-42dd-8a0b-94176cb345bb,86d9b0e6-be3c-4071-8d95-6f405a644b0e,https://drive.google.com/file/d/1eERUr8Kbe8kmZYhtliDyyGlf-sEgQ9fz/view?usp=drive_link,,1
39af680c-36f5-45d5-a1b0-d3a30e64118d,86d9b0e6-be3c-4071-8d95-6f405a644b0e,https://drive.google.com/file/d/1APbDvIqOLrV0OM6UyCW3e4WQi0d2evDi/view?usp=drive_link,,2
55eb9527-d4bf-4948-a272-9187e1b076f4,86d9b0e6-be3c-4071-8d95-6f405a644b0e,https://drive.google.com/file/d/1g1Z90Z3Ygun9s2_-qrbN-iW9QSnkSbLd/view?usp=drive_link,,3
7380cbff-ed50-4935-a294-4e024dc47e09,86d9b0e6-be3c-4071-8d95-6f405a644b0e,https://drive.google.com/file/d/195Waq4g4b5SIHFtGDWTRcike372H7inJ/view?usp=drive_link,,4
dcaa410a-e85c-4032-b3b2-c1b9505e2cff,8aff8237-06e9-4a51-bbd7-514b92a9ed91,https://drive.google.com/file/d/1XBTfG0Be0zcr39vFlg7bAmWByEIgUcJ8/view?usp=drive_link,,0
4d37babf-7a1a-4cb1-9d95-d4fe142ef4d0,8aff8237-06e9-4a51-bbd7-514b92a9ed91,https://drive.google.com/file/d/1CacQUCiP5PElMLraQCc0HMXjF3B7W7rW/view?usp=drive_link,,1
496d3c4f-5ca6-4075-bc7b-2a89b2517cfc,8aff8237-06e9-4a51-bbd7-514b92a9ed91,https://drive.google.com/file/d/1Z6dnKdyE2m2MADv6g_TTYYZ73nMfKzfy/view?usp=drive_link,,2
5edc61e1-a459-43bf-b0db-12df7886ac10,8aff8237-06e9-4a51-bbd7-514b92a9ed91,https://drive.google.com/file/d/1UQzNHJl4gFuOyeNYzRgiY3zeOqXH0jpQ/view?usp=drive_link,,3
9eb2e2ab-f931-46e4-88ef-a8758ca85ecd,8aff8237-06e9-4a51-bbd7-514b92a9ed91,https://drive.google.com/file/d/1lDWH6ZSRWPTBxUFHDVvGXw32rFJZ8lfR/view?usp=drive_link,,4
f226b873-913d-4453-a5cd-a2e2d6ea8bf2,91e55f96-b1db-4c90-a4bc-66bead463d68,https://drive.google.com/file/d/1i30BPG9PN1SchfAgtD3q9RAe6g0MoPjF/view?usp=drive_link,,0
a8874a55-33a9-42c6-93f7-0376c9622d99,91e55f96-b1db-4c90-a4bc-66bead463d68,https://drive.google.com/file/d/1vRsJu2GRTQqGHXso2S4XQoaq15tnlWlc/view?usp=drive_link,,1
15f0c857-a64e-4b87-9ad3-23289361a11c,91e55f96-b1db-4c90-a4bc-66bead463d68,https://drive.google.com/file/d/1c907r3SQHgPRU-SCqhQHAha686heJJNW/view?usp=drive_link,,2
b289f9ea-36fe-4fb0-8886-3dfb66b7b8aa,91e55f96-b1db-4c90-a4bc-66bead463d68,https://drive.google.com/file/d/14Pf02V5Wm1pP83nCH2Hf8lELldIUAndU/view?usp=drive_link,,3
494b92ee-a9bd-429a-93ad-cc8d172ee50e,91e55f96-b1db-4c90-a4bc-66bead463d68,https://drive.google.com/file/d/1ZJTRSxfwCU8kaEy-HgTS-AYUncNR1hrg/view?usp=drive_link,,4
00e91a70-0c9f-486e-bdf2-d6b6bbdddd8a,921e77b9-b6b8-4232-85b1-0936ec4ddde1,https://drive.google.com/file/d/1FjOO6pfr_YxsHSv8fLFPxaIuITRo3gRD/view?usp=drive_link,,0
375a4920-e63a-42d2-b64f-8a14ea1103a7,921e77b9-b6b8-4232-85b1-0936ec4ddde1,https://drive.google.com/file/d/1jhxVKE0-BcjsECz97QZbgjNj9klAy3xB/view?usp=sharing,,1
9a336238-a9ee-4c2f-94a1-be6a3594a21c,921e77b9-b6b8-4232-85b1-0936ec4ddde1,https://drive.google.com/file/d/1tzB83JjqZTYK70WyhwUVLyyEOx7u0Pc0/view?usp=drive_link,,2
81dd9e62-00a8-485f-b01d-a058e98aacf1,921e77b9-b6b8-4232-85b1-0936ec4ddde1,https://drive.google.com/file/d/1mSFadAVjoyNcxTZ7j7vTwL3KquSLh2_R/view?usp=drive_link,,3
8720c8fe-677c-435d-9ef4-3344c15d2294,921e77b9-b6b8-4232-85b1-0936ec4ddde1,https://drive.google.com/file/d/1MC9OyI6lIS0Zqy9_3VvGmO_7UQ1dnh_O/view?usp=drive_link,,4
dfe3accb-421e-462e-8fb4-38440bccbd5b,93f31a33-3199-496c-8368-82e85cdb555a,https://drive.google.com/file/d/1szvL7M6DVOlMV-RdFD20rsuLgGZlx8QE/view?usp=drive_link,,0
669df851-3f5f-4d2b-8ee6-87f885561928,93f31a33-3199-496c-8368-82e85cdb555a,https://drive.google.com/file/d/1OWuQ6N8qJke6kSDFzZn8aWR6bh6JiF7n/view?usp=drive_link,,1
64ccc669-2534-4d23-b387-e766b0e6a404,93f31a33-3199-496c-8368-82e85cdb555a,https://drive.google.com/file/d/1UGjg5dtvk6BmQgJwSS8myebrhryHObP2/view?usp=drive_link,,2
fb88eea7-ab36-4394-8da0-1d35c7bcc400,93f31a33-3199-496c-8368-82e85cdb555a,https://drive.google.com/file/d/18JofwQPatr_nVA1kSiStyjzTGMel_NC7/view?usp=drive_link,,3
086edd7c-a91d-498c-b01f-bf18a211091e,93f31a33-3199-496c-8368-82e85cdb555a,https://drive.google.com/file/d/1XMocKeWJQEVJlZK904GOHfcV-tl8RFNm/view?usp=drive_link,,4
d93daa83-f137-4b51-a243-a7727879eaff,97c8f3b3-d0e2-426d-84f6-b3ea4011aee8,https://drive.google.com/file/d/1wq0iKZigXc97bG_nAYJB9K808YBRA3PW/view?usp=drive_link,,0
93c3d515-ff3e-49fb-a3a2-fc6685f7c113,97c8f3b3-d0e2-426d-84f6-b3ea4011aee8,https://drive.google.com/file/d/1Ox-bMd8Zan6AJ4ZwEcVor7qxxmTfzc_7/view?usp=drive_link,,1
6ca80b5f-96c6-4b69-868c-6cba05af5878,97c8f3b3-d0e2-426d-84f6-b3ea4011aee8,https://drive.google.com/file/d/1fIQCp-GVIWpejkzmegikN_YA2ZFc7Iul/view?usp=drive_link,,2
435617bb-12a7-431a-a9a8-69256828a2f5,97c8f3b3-d0e2-426d-84f6-b3ea4011aee8,https://drive.google.com/file/d/1yGlKr2bL_xX54wkb5fyr8oGCVYza8pOO/view?usp=drive_link,,3
f90bb220-144c-423e-921c-d1a4985f2694,97c8f3b3-d0e2-426d-84f6-b3ea4011aee8,https://drive.google.com/file/d/1cP1anjWFDy-Hp3cNphlApJAV_htDBUB3/view?usp=drive_link,,4
2b32e974-8a30-45b0-9cfa-c506976799f3,9af14aca-df46-4904-84e7-ee3996b51603,https://drive.google.com/file/d/1_PF_cHy4bggcFmSDzzkE7qMg7HbPqQia/view?usp=drive_link,,0
d3413f2a-2d9f-4dd4-a174-1aca7de92521,9af14aca-df46-4904-84e7-ee3996b51603,https://drive.google.com/file/d/1TNbbls8CbAaROkYnwVipqJ6nUtbDNTVh/view?usp=drive_link,,1
87a506ac-c8ed-47eb-93fe-8a7a370f09a5,9af14aca-df46-4904-84e7-ee3996b51603,https://drive.google.com/file/d/1S3JjKMfGBobXbODgnX_OdakuJTzr0x3U/view?usp=drive_link,,2
bf243eb7-c3e4-4539-83ab-578829530a53,9af14aca-df46-4904-84e7-ee3996b51603,https://drive.google.com/file/d/19Uea2wIqJG5q3H3kfBVqDRRWc0NufESU/view?usp=drive_link,,3
f60a1bfb-2f42-46e8-93c9-8bf3481b7113,9af14aca-df46-4904-84e7-ee3996b51603,https://drive.google.com/file/d/1ZoFDJQCyHrbAagNDFX5qmKi-ncGwAO5F/view?usp=drive_link,,4
67971c40-27f3-4919-8132-da7a2fcad843,a8a44ba1-38e3-4890-b3c0-35cb263eb82e,https://drive.google.com/file/d/1WlxrWhuqB8xn6RoP0IyH6PgBoDjJzy1e/view?usp=drive_link,,0
2a8ef8f0-1300-464f-aa93-39889642a968,a8a44ba1-38e3-4890-b3c0-35cb263eb82e,https://drive.google.com/file/d/1anGEN3hLsRMw7FeVAfMVHQsZ1pqz0ahk/view?usp=drive_link,,1
d7daf39c-1850-499f-8741-6ae00d711fa9,a8a44ba1-38e3-4890-b3c0-35cb263eb82e,https://drive.google.com/file/d/1TI5WQ4CHxTv57gfayi4kmaMZsNmEGnFd/view?usp=drive_link,,2
cb075221-9df5-4463-b715-6ead07eedff8,a8a44ba1-38e3-4890-b3c0-35cb263eb82e,https://drive.google.com/file/d/10ghf0jRkXCfnj1JW-22ou1YjqdO_wXcD/view?usp=drive_link,,3
7df4ca0c-e4a9-46ab-b169-8276225aa4aa,a8a44ba1-38e3-4890-b3c0-35cb263eb82e,https://drive.google.com/file/d/14RpSA3h0TJbcQyjaAjK5dZumvuJ7xiZB/view?usp=drive_link,,4
bdb72a4a-e6b2-47cd-bbbd-7a20200c895b,ae3d1da7-f3c4-4938-987e-9abed0d36b04,https://drive.google.com/file/d/1QGGgy4SN_ZN9Z7s95vDSVugRP46a-T0L/view?usp=drive_link,,0
d7bbb8c4-ebdb-4cc3-83a1-60cc6a5ce5e6,ae3d1da7-f3c4-4938-987e-9abed0d36b04,https://drive.google.com/file/d/10wMjIilH2kG8EOiyhbP2gDrwGXIMvtbd/view?usp=drive_link,,1
30975dc7-9877-494e-8921-c7b2f8ff35ad,ae3d1da7-f3c4-4938-987e-9abed0d36b04,https://drive.google.com/file/d/1QKfxMPjgrK2MU0WkcxzaFWh9pcxWbeA6/view?usp=drive_link,,2
c6db60d7-be6c-4b12-bdb0-3881508280b7,ae3d1da7-f3c4-4938-987e-9abed0d36b04,https://drive.google.com/file/d/1ePkS7XyXNkHqWGcK46l91vlw5AUoVYVX/view?usp=drive_link,,3
e67ad31f-96a4-4187-b091-a101916b113e,ae3d1da7-f3c4-4938-987e-9abed0d36b04,https://drive.google.com/file/d/1HdaH3XIS4dghK-AdaYUtwWApZEhw0-c3/view?usp=drive_link,,4
98146a6b-7a2f-465c-94c6-4e5deacf8183,b173fefa-d489-4a9f-83f3-a91444ccbc28,https://drive.google.com/file/d/1GK7_YLS-YjEz0GcJlgxGS2zG2n-F3sI_/view?usp=drive_link,,0
909a1889-b82e-4d4a-a43a-1f9a655fcb30,b173fefa-d489-4a9f-83f3-a91444ccbc28,https://drive.google.com/file/d/150RAWdyCaByBS_8KWfPlQZbpSGyEpQcP/view?usp=drive_link,,1
feac6730-16fc-4729-b03a-6fe61b1ce569,b173fefa-d489-4a9f-83f3-a91444ccbc28,https://drive.google.com/file/d/1YTKjeuNRzmqZopZDGdDkIqtRbAoQmueq/view?usp=drive_link,,2
e501f16c-cce8-4427-a968-a8c3364766d0,b173fefa-d489-4a9f-83f3-a91444ccbc28,https://drive.google.com/file/d/1ayuceYbNpr3DgALX4bIcJJb22fOlRohM/view?usp=drive_link,,3
a6c24811-e6c4-406c-a5dc-90aeaae3bc7d,b173fefa-d489-4a9f-83f3-a91444ccbc28,https://drive.google.com/file/d/1u-pFBmGg2h50wnver2cVjDch2oQ3u0XJ/view?usp=drive_link,,4
2f23573b-ee84-4886-913f-14437f62a5a5,b5961b7b-4711-4969-948d-b65049532df4,https://drive.google.com/file/d/1y2Zbw5yL_m5czrT-WrSxGH9oXy_5jrJC/view?usp=drive_link,,0
32f375c2-5ed4-441c-80dc-a9f74ec1eff4,b5961b7b-4711-4969-948d-b65049532df4,https://drive.google.com/file/d/1W8Fzbs1hT325x2LDkDgf3tlt8XanTFU4/view?usp=drive_link,,1
02eba3f0-c3c8-413a-bdbf-e4f97d51e97a,b5961b7b-4711-4969-948d-b65049532df4,https://drive.google.com/file/d/1hzwCFSRjfkEUo8DaV0X46khjaUDiwgq3/view?usp=drive_link,,2
c256569e-3032-4116-b2d1-8e715b2f6495,b5961b7b-4711-4969-948d-b65049532df4,https://drive.google.com/file/d/1tMxRMlIOyBOgPMLBufnQsKQZrozrMMiM/view?usp=drive_link,,3
04f258c3-bee1-4e53-98a0-686bc20a81d8,b5961b7b-4711-4969-948d-b65049532df4,https://drive.google.com/file/d/1MpAb_Pl0J9WNUxCdzP8DsB8zvPFT6H2D/view?usp=drive_link,,4
b6addbd1-ba10-4ebe-b7b8-9a7a3b8bf3f8,bc0010ab-ab45-47d0-b981-55985dc17e69,https://drive.google.com/file/d/1n9rhHFJOE1JrxkfUSP2_yNS7wGmhwEz9/view?usp=drive_link,,0
c5b21caf-2719-437f-8500-47407c7201e7,bc0010ab-ab45-47d0-b981-55985dc17e69,https://drive.google.com/file/d/1fh1urxZf3Plxj6sBlxYy6XGsGKp18jVQ/view?usp=drive_link,,1
a301c502-4fbf-49f4-b982-5af4a5ef87d3,bc0010ab-ab45-47d0-b981-55985dc17e69,https://drive.google.com/file/d/1i_B7O0xK2dRXs19RoLB-eSfFgJaJjOvk/view?usp=drive_link,,2
9e5d0e6c-03bd-4750-99e6-d39b16947e59,bc0010ab-ab45-47d0-b981-55985dc17e69,https://drive.google.com/file/d/1Aed5-MHklRflWFAmhYxWbSfBQifv-Bqy/view?usp=drive_link,,3
97b89e5c-7cbf-4b51-b576-34c55bc3fe8c,bc0010ab-ab45-47d0-b981-55985dc17e69,https://drive.google.com/file/d/1xesrUaNZa7e6RhydvK0TEgq7DAuJaCPW/view?usp=drive_link,,4
007cf4f8-8f9d-47ff-b2c3-8150f33647c4,bc68b294-8cec-4c26-b687-a164b80c5046,https://drive.google.com/file/d/1luQV495VZMfU4tJijFMMvN3FW9W96XW5/view?usp=drive_link,,0
bf476d5e-748d-4523-8c5b-bd9905cfd9f2,bc68b294-8cec-4c26-b687-a164b80c5046,https://drive.google.com/file/d/1PUpXdrIMm_DW7l06AM0kA9jfTS_R35QT/view?usp=drive_link,,1
e9f57c6f-be56-46ac-af58-099d3a5d0325,bc68b294-8cec-4c26-b687-a164b80c5046,https://drive.google.com/file/d/1jI4VBuIAAjK17sCPEuejQzSmOxIhOAbP/view?usp=drive_link,,2
26070820-85e0-497e-9a6e-a1a291865f4a,bc68b294-8cec-4c26-b687-a164b80c5046,https://drive.google.com/file/d/12iDFv7XI-yhCCA5XG3YJiMayrznuUmfy/view?usp=drive_link,,3
84a30dcb-f4f4-4a98-957a-cb20cf63f35b,bc68b294-8cec-4c26-b687-a164b80c5046,https://drive.google.com/file/d/1y-90HtxtgbV1q_VScRjXUVMa5VR0xk6a/view?usp=drive_link,,4
70d4d74f-0dd3-47c5-96d0-d074d4b589f4,c41f457e-cc72-48a3-8f9f-2eefe78b9336,https://drive.google.com/file/d/1iYLbzch0o2DEvB7WBiQ_o_2Ua7ag-Az5/view?usp=drive_link,,0
6e953710-8513-4c47-ba75-24ff2e9660ff,c41f457e-cc72-48a3-8f9f-2eefe78b9336,https://drive.google.com/file/d/1aM3VPelCbrDKwWtru-MW614161-l1U1P/view?usp=drive_link,,1
8d30b848-653f-4226-82ca-61feac58e6d5,c41f457e-cc72-48a3-8f9f-2eefe78b9336,https://drive.google.com/file/d/10uYXB7hE6-9fH6iNP9zjLdcupC5JG9pd/view?usp=drive_link,,2
dfa3b802-5d9b-4a32-a712-78a3891b20c5,c41f457e-cc72-48a3-8f9f-2eefe78b9336,https://drive.google.com/file/d/1termwojiuJJl6jl0CfbuoMPCaToyWvnl/view?usp=drive_link,,3
231ba939-c48a-41b4-a88b-54a576b46576,c41f457e-cc72-48a3-8f9f-2eefe78b9336,https://drive.google.com/file/d/1B0eV_AHT-WU1YmLBwzoAqEQp4OwFKzTq/view?usp=drive_link,,4
c5b04ab9-95c6-4bd7-8ace-930b85c64c53,d86a07ab-36ec-4046-bcb1-ba9be98f1921,https://drive.google.com/file/d/128ynKRlMmA2pDHPYBqCuzZqdYkiAMrCu/view?usp=drive_link,,0
4b3a9103-4cda-4f6b-9c24-862283b3f260,d86a07ab-36ec-4046-bcb1-ba9be98f1921,https://drive.google.com/file/d/1TWNPe_dTnKDAXaMDSmXbD8OWMO0SwhRb/view?usp=drive_link,,1
3401f048-97eb-421f-98c2-0f26e5905859,d86a07ab-36ec-4046-bcb1-ba9be98f1921,https://drive.google.com/file/d/1cnbiPwVG-Wlzh3We6peRpD16Fn06ckjj/view?usp=drive_link,,2
43148894-27e4-43f2-9766-8e7bf372739c,d86a07ab-36ec-4046-bcb1-ba9be98f1921,https://drive.google.com/file/d/1Pk12Ao3YiLVS-sL8_3R-S4y0lUVUOdZ4/view?usp=drive_link,,3
75a3d2f7-cf79-46b4-a02b-18c1ec0d681e,d86a07ab-36ec-4046-bcb1-ba9be98f1921,https://drive.google.com/file/d/12nEUNuhoZPrJdd_9iW34v8vVE6RHYg2R/view?usp=drive_link,,4
76f19b7c-642a-40f9-811d-a7dcaae216e2,db29333e-4d90-41b6-b033-27717bd10ce2,https://drive.google.com/file/d/1Ai5LLuvUCLdmLHFdYE5UdULsf4MlvRaD/view?usp=drive_link,,0
f28d07d8-8a62-4159-a5c0-3ab055006838,db29333e-4d90-41b6-b033-27717bd10ce2,https://drive.google.com/file/d/1vl98Qj_4Wa4sIuSRdawxTf7Nyoep6A1H/view?usp=drive_link,,1
3dfef422-a08b-444e-ad5c-77a91aa05d94,db29333e-4d90-41b6-b033-27717bd10ce2,https://drive.google.com/file/d/116oCKEGDCwnWn2LBOMOL-xbBjHOGcQA1/view?usp=drive_link,,2
265121dd-96c0-4484-b7e1-1cca67138019,db29333e-4d90-41b6-b033-27717bd10ce2,https://drive.google.com/file/d/1D7qYKenj43Et9qppIg9UzJnNghYI--pW/view?usp=drive_link,,3
08edde3c-79b1-46b3-93a4-a93e6bedc6b7,db29333e-4d90-41b6-b033-27717bd10ce2,https://drive.google.com/file/d/11otNhUdnAu6WSPdVDXv2Pr28b0Vwym6u/view?usp=drive_link,,4
bc9b25b4-5b7e-459a-ba54-d1e86b226229,e1ac5a01-ed37-4cc8-bba0-e887607b1e8a,https://drive.google.com/file/d/1jfVmKtm_NPAISnRq2oEachuG2dQJjz6y/view?usp=drive_link,,0
639e8cf0-d518-4fdb-8a86-4019af5722e2,e1ac5a01-ed37-4cc8-bba0-e887607b1e8a,https://drive.google.com/file/d/1mSY3rnnkizyaz0CDerbWEHWY3rfkD_9f/view?usp=drive_link,,1
7806e87c-7129-4603-9600-4a08bd5f780f,e1ac5a01-ed37-4cc8-bba0-e887607b1e8a,https://drive.google.com/file/d/1wT1c9hEYr91tlebJ1Jfs9AgtfHI1-z1O/view?usp=drive_link,,2
bbc77b3e-16d2-49cf-952d-4e1efe1862e3,e1ac5a01-ed37-4cc8-bba0-e887607b1e8a,https://drive.google.com/file/d/1ToMkrfDttkAEG5YziG3P4TEF707L2GVy/view?usp=drive_link,,3
e063b92b-4444-498d-b3ee-c202b43a3c35,e1ac5a01-ed37-4cc8-bba0-e887607b1e8a,https://drive.google.com/file/d/1ZI5ba7VVqCZiZ4YGK8n1gHbguJ10bS2I/view?usp=drive_link,,4
b327cb1c-c3e9-42e4-97f0-db50421bc6a9,fd3713cf-36bc-4dd6-903f-c95c9b1fe8ef,https://drive.google.com/file/d/1vG2Tc1oQUr71BsbDXAt2jXwuuTRlHB_p/view?usp=drive_link,,0
81a32aec-887e-4f5e-8d6a-02bbda723e36,fd3713cf-36bc-4dd6-903f-c95c9b1fe8ef,https://drive.google.com/file/d/1_M5qy5AQNa32GlZ5lzWx-Byy6mEBKs6B/view?usp=drive_link,,1
c0df4e4a-55b1-428f-8140-a308d8bc8fe4,fd3713cf-36bc-4dd6-903f-c95c9b1fe8ef,https://drive.google.com/file/d/1py7jxQICG1vv34EytguoW5Y8-PrmObzV/view?usp=drive_link,,2
55684da4-af7d-4e91-b208-668756111579,fd3713cf-36bc-4dd6-903f-c95c9b1fe8ef,https://drive.google.com/file/d/16UdGS7lbqA6aVmG0rbIH03vEmZujNYtk/view?usp=drive_link,,3
152431aa-6791-49ee-ad01-c20fb155ad1e,fd3713cf-36bc-4dd6-903f-c95c9b1fe8ef,https://drive.google.com/file/d/1xyI8HdzsPQKibdz2spEemYTAmTbJ5uWt/view?usp=drive_link,,4
84096ed7-5c30-4d47-b555-38d7a106acc0,ffa19103-837b-4d46-a96a-36c90762ed2e,https://drive.google.com/file/d/1UzRlpvR1DavVMfijtUjQBFG2zA9zx1nb/view?usp=drive_link,,0
eb10e9da-bb1e-4698-94c2-fdeb8de98574,ffa19103-837b-4d46-a96a-36c90762ed2e,https://drive.google.com/file/d/12KCxuMlBjWr0qTqlGJkLmwAGPUcN8FFP/view?usp=drive_link,,1
f5050858-bff7-4b20-9967-2e79c6db76f6,ffa19103-837b-4d46-a96a-36c90762ed2e,https://drive.google.com/file/d/1AmeTDOwGbPNrXdN3WB4cYrlcjr1oYyqL/view?usp=drive_link,,2
c2af1338-5555-415b-aec3-31b37d60e20c,ffa19103-837b-4d46-a96a-36c90762ed2e,https://drive.google.com/file/d/1EqxPnEwguORPJGJjkuYvDnY1v60R1pte/view?usp=drive_link,,3
9e3cd37b-2921-43bc-a00d-514ab83cb834,ffa19103-837b-4d46-a96a-36c90762ed2e,https://drive.google.com/file/d/1ZuNTI0_8vi9Ts05FAsbZqXsz4xyAdKmn/view?usp=drive_link,,4